cluster_num_weekday,cluster_num_time,cluster_num,Freq,group_description
15.0,4.0,22.0,6851,"제공받은 자료에 기반한 이 그룹의 특징은 다음과 같습니다:

1. **요일별 방문 특성**:
   - 고객들은 주 중요일에 더 빈번하게 마트를 방문합니다. 목요일에 평균 방문이 가장 높고(평균 3.0028회), 그 뒤로 화요일(평균 2.8904회), 수요일(평균 2.6408회) 순입니다. 방문 빈도는 주말로 갈수록 점차 줄어들어 일요일에는 평균 방문 횟수가 가장 낮습니다(평균 1.4325회).

2. **시간대별 방문 특성**:
   - 시간대별 방문 특성을 살펴보면, 고객들은 주로 오전 11시부터 오후 12시 사이에 가장 많이 방문하는 것으로 나타났습니다(평균 4.4232회, 4.2388회). 오후 시간대로 갈수록 방문 횟수는 감소하며, 특히 오후 6시 이후로는 급격하게 줄어듭니다.

3. **구매 물품의 구매성향 및 구매 수량과 구매 물품의 특성**:
   - 가장 많이 구매되는 상품은 '노브랜드과자'로 나타났으며, 구매 비율은 대체로 초과자류, 음료, 빵류, 라면 등 간편 소비가 가능한 품목과 생활필수품에 집중되어 있습니다. 구매 비율은 ‘우유’, ‘종량제봉투’, ‘일반란’에서 상대적으로 높은 편입니다. 이는 해당 그룹이 일상적인 식료품 및 생활용품을 주로 구매하는 경향이 있음을 나타냅니다.

4. **가구 구성원 추정**:
   - 연령에 대한 데이터를 통해 이 구매 그룹의 평균 연령은 약 59세로, 가장 자주 나타나는 연령대는 66세입니다. 이는 주로 중년 이상의 가구가 포함될 가능성이 높음을 나타냅니다. 가족 구성원은 이 연령대를 고려할 때, 자녀가 성인이 되어 독립한 가구 또는 은퇴한 부부가 포함될 수 있습니다.

5. **추정 근거**:
   - 연령 데이터와 구매 물품의 경향을 기반으로 추정합니다. 일반적으로 연령대가 높은 고객층은 생활 필수품과 건강에 도움이 되는 식품에 관심이 많습니다. 이 그룹의 구매 리스트에 포함된 상품의 종류와 구매 행위(예: 주로 오전에 쇼핑하는 경향)가 이를 뒷받침합니다.

6. **종합 의견**:
   - 이 그룹은 주로 중년 이상의 고객이며, 주 중에 마트를 방문하는 경향이 있고, 특히 오전 시간대에 활발한 쇼핑 활동을 보입니다. 기본적인 식료품 및 생활필수품 위주의 구매를 선호하는 경향이 있으며, 가족 구성원에 대한 유추를 통해 주로 중장년의 부부 혹은 가족이 포함될 가능성이 높습니다.

7. **핵심 키워드**:
   ""중년 고객층"", ""생활 필수품"", ""오전 쇼핑 선호"", ""식료품 구매 집중"", ""주 중 방문 빈도 높음"", ""간편식 및 생활용품 선호"", ""건강에 관심"", ""일상적 구매"", ""멀티 제너레이션 쇼핑"", ""가족 단위 구매"""
15.0,5.0,22.0,11300,"제공받은 자료에 기반한 이 그룹의 특징은 다음과 같습니다:

1. **요일별 방문 특성**: 이 그룹은 주중에 마트를 방문하는 경우가 주말에 비해 상대적으로 높은 편입니다. 특히 목요일과 화요일에 평균 방문 횟수가 가장 높으며, 일요일이 가장 낮습니다. 중앙값을 보면 월요일부터 토요일까지는 대부분 2회 방문이 가장 자주 발생하는 것으로 나타나며, 일요일은 1회 방문이 가장 흔한 경우입니다.

2. **시간대별 방문 특성**: 시간대별로는 오전 11시부터 오후 2시까지 방문이 가장 많으며, 그중에서도 12시와 13시에 평균 방문 횟수가 가장 높습니다. 저녁 시간대로 갈수록 방문 횟수는 점차 감소하며, 특히 22시 이후로는 방문 횟수가 현저히 낮아집니다.

3. **구매 물품의 구매성향 및 특성**: 주요 구매 물품은 주로 과자, 스낵, 빵류, 라면, 우유 등 간편식과 음료, 냉동 가공품 등으로 나타납니다. 구매 비율을 보면, `종량제봉투`, `우유`, `양념육`, `생수`, `샐러드/드레싱류` 등의 상품이 상대적으로 높은 구매 비율을 보이고 있으며, 이는 이 그룹이 일상적인 필수품 및 간편식 위주로 구매하는 경향을 보임을 시사합니다.

4. **가구 구성원 추정**: 연령 데이터를 통해 이 그룹의 평균 연령은 약 56세로 추정되며, 연령 분포의 표준편차는 약 14입니다. 가장 자주 발생하는 연령대는 64세로, 이로부터 이 그룹은 주로 중년 이후의 연령대로 구성되어 있으며, 가정에서는 1~2인 가구 또는 노령의 부모님이 거주하는 가구로 추정할 수 있습니다.

5. **추정 근거**: 추정 근거는 주로 구매 물품의 종류와 구매 비율, 방문 시간대 및 요일, 그리고 연령 데이터를 바탕으로 합니다. 가구 구성원의 연령대 추정은 마트의 주요 고객층이 30대에서 50대 사이임을 고려하여, 상대적으로 높은 연령대 평균을 보여 주는 이 그룹의 특징으로 결정됩니다.

6. **종합 의견**: 이 그룹은 주로 주중에 활발하게 마트를 방문하며, 특히 점심 시간대에 높은 방문 빈도를 보입니다. 주요 구매 물품은 일상적인 필수품과 간편식으로, 높은 구매 비율을 보이는 종량제 봉투, 우유, 생수 등은 일상적인 필수 소비 품목임을 나타냅니다. 이 그룹은 중년 이후의 연령대로 추정되며, 주로 1~2인 가구 혹은 노령의 가구 구성원이 포함된 가정일 가능성이 높습니다.

7. **핵심 키워드**: ""요일별 방문 특성"", ""시간대별 방문 특성"", ""간편식 구매 선호"", ""노년층 소비패턴"", ""1~2인 가구 추정"", ""필수품 중심 구매"", ""점심 시간대 방문 선호"", ""주중 방문 활발"", ""중년 이후 소비자"", ""진출 마케팅 전략"""
15.0,5.0,13.0,5309,"제공받은 자료에 기반한 이 그룹의 특징은 다음과 같습니다:

1. **요일별 방문 특성**: 이 그룹은 주중에 방문이 더 잦으며, 목요일에 가장 많은 방문이 이루어지고 (평균 3.0028회), 일요일에 가장 적은 방문이 있습니다 (평균 1.4325회). 방문 빈도는 주중에 높고, 주말로 갈수록 점점 감소합니다.

2. **시간대별 방문 특성**: 이 그룹은 낮 시간대에 주로 방문합니다. 방문이 가장 많은 시간대는 13시와 12시로 (평균 각각 2.5267회, 2.5263회), 방문이 가장 적은 시간대는 23시 (평균 0.0002회)입니다. 10시부터 19시까지 점차 방문 빈도가 증가했다가 그 이후로 감소하는 양상을 보입니다.

3. **구매 물품의 구매성향 및 구매 수량과 구매 물품의 특성**: 이 그룹은 주로 '노브랜드음료', '봉지라면(국물)', '노브랜드냉동가공', '노브랜드과자', '스낵'과 같은 간식류와 간편 식품을 많이 구매합니다. 특히, '스낵' 제품의 구매 비율이 평균 0.2008로 가장 높으며, '우유', '탄산음료', '빵류' 등의 상품도 높은 구매 비율을 보입니다. 이는 고객이 간편하게 소비할 수 있는 식품에 높은 관심을 가진다는 것을 나타냅니다.

4. **가구 구성원 추정**: 이 그룹의 연령대 평균은 48.0908세 (표준편차: 11.9905)로, 30대에서 50대 사이에 분포하는 중년층이 주로 포함됩니다. 가장 빈도가 높은 연령은 42세입니다. 이를 통하여 대부분 가정을 이루고 있는 중년의 가구 구성원이 주고객층임을 추정할 수 있으며, 이는 마트 방문과 구매 패턴에 영향을 미치는 중요한 요소가 됩니다.

5. **추정 근거**: 이 그룹의 분석 결과는 마트 방문과 구매 패턴의 연령대적 요인을 밝혀주며, 중년층이 주된 고객층으로 각종 식품 구매에 대한 선호도가 높은 것으로 추정됩니다. 간편식과 간식류 제품의 높은 구매 비율은 이들이 바쁜 일상 속에서 신속하고 간편한 식사 해결을 선호한다고 해석할 수 있습니다.

6. **종합 의견**: 이 그룹은 주로 중년층 가구 구성원으로, 주중에 쇼핑을 선호하고, 간편식과 간식류 제품에 높은 관심을 보입니다. 방문 빈도는 점심시간대에 집중되며, 일요일에는 상대적으로 적은 방문을 나타냅니다. 이 데이터는 마트의 프로모션, 상품 배치, 그리고 마케팅 전략을 수립하는데 중요한 참고 자료가 될 수 있습니다.

7. **핵심 키워드**: ""중년 가구 구성원"", ""간편식 선호"", ""간식류 제품 인기"", ""주중 방문 선호"", ""점심 시간대 방문 집중"", ""목요일 최대 방문"", ""일요일 최소 방문"", ""노브랜드 제품 선호"", ""식품 구매 비율 중시"", ""30대~50대 주 고객층"""
15.0,5.0,21.0,4813,"제공받은 자료에 기반한 이 그룹의 특징은 다음과 같습니다:

1. **요일별 방문 특성**: 이 그룹은 목요일에 가장 많이 방문하는 경향이 있으며(평균: 3.0028), 일요일에는 가장 적게 방문합니다(평균: 1.4325). 일요일 방문의 중앙값(1)과 모드(1)는 이 날이 다른 요일에 비해 상대적으로 방문 횟수가 적음을 보여줍니다.

2. **시간대별 방문 특성**: 시간대별로는 오후 1시와 2시에 방문 횟수가 가장 많습니다(각각 평균: 2.5267, 2.5263). 반면 저녁 10시 이후와 새벽 시간대는 방문 횟수가 급감합니다.

3. **구매 물품의 구매성향 및 구매 수량과 구매 물품의 특성**: 이 그룹은 주로 ""노브랜드"" 브랜드의 제품을 선호하며, 특히 유가공품, 냉장가공, 농산가공 등을 많이 구매합니다. ""우유""의 구매 비율 평균이 0.2559로 가장 높으며, 이는 이 그룹이 우유를 자주 구입함을 시사합니다. 다른 주요 제품에는 빵류, 음료, 라면 등이 있으며, 이 그룹은 다양한 종류의 식품을 구매하는 것으로 보입니다.

4. **가구 구성원 추정**: 이 그룹의 평균 연령은 57.4297세로, 연령의 표준편차는 13.1753입니다. 이 데이터를 통해 이 그룹은 주로 중년 이상의 성인들로 구성된 가정이라고 추정할 수 있습니다. 또한, 우유와 아동용 간식류의 구매 비율을 고려하면, 자녀가 있는 가정일 가능성도 있습니다.

5. **추정 근거**: 시간대별 방문 특성에서 오후 중반에 방문이 집중되는 것은 주로 직장인이나 가정주부 등 일과 중간에 장을 보는 경향이 있음을 나타냅니다. 요일별 방문 패턴은 주말에 비해 평일에 더 활발히 외출하는 경향을 보입니다. 또한, 상품 구매 비율과 상품 종류에서 일상생활에 필요한 기본 식료품들이 주로 구매되며, 특히 ""노브랜드"" 제품의 선호도가 높은 것으로 보아 가성비를 중시하는 소비 패턴을 가지고 있습니다.

6. **종합 의견**: 이 그룹은 중년 이상의 성인으로 구성되어 있으며, 평일 주간에 주로 마트를 방문해 일상에 필요한 다양한 식료품을 구매합니다. 가성비를 중시하며, ""노브랜드"" 제품들을 선호하는 경향이 있습니다. 가계 부양을 담당하는 연령대이며, 다양한 종류의 식품 및 생활 용품 구매를 통해 가정을 관리하는 것으로 추정됩니다.

7. **핵심 키워드**: ""중년 이상 성인"", ""평일 방문 선호"", ""노브랜드 제품 선호"", ""가성비 중시"", ""다양한 식품 구매"", ""우유 상품 구매 비율 높음"", ""오후 시간대 집중 방문"", ""주간 주요 쇼핑 시간"", ""가정주부 및 직장인"", ""자녀 가능성 있음"""
25.0,5.0,22.0,5819,"제공받은 자료에 기반한 이 그룹의 특징은 다음과 같습니다:

1. **요일별 방문 특성**:
   - 가장 많이 방문하는 요일은 토요일로 평균 방문 횟수가 5.4029회입니다. 이는 주말의 여유 시간을 활용해 마트를 방문하는 경향을 보여줍니다.
   - 금요일과 일요일 역시 평균 방문 횟수가 각각 2.2495회와 2.2145회로 높은 편이며, 주말 쇼핑을 선호함을 알 수 있습니다.
   - 비교적 방문 횟수가 적은 요일은 수요일로 평균 방문 횟수가 1.6624회입니다.

2. **시간대별 방문 특성**:
   - 오후 시간대, 특히 12시부터 15시 사이에 마트 방문이 집중되는 경향을 보이며, 이 시간대의 평균 방문 횟수는 각각 2.5263회, 2.5267회, 2.2873회입니다.
   - 오전과 오후 늦은 시간대에는 방문 횟수가 점차 감소하는 경향을 보이며, 22시 이후의 방문은 거의 없습니다.

3. **구매 물품의 구매성향 및 구매 수량과 구매 물품의 특성**:
   - 노브랜드 과자, 스낵, 빵류, 봉지라면(국물) 등과 같이 간식류와 식사 대용품의 구매가 많음을 알 수 있습니다. 
   - 구매 비율에 따르면, 일상 필수품인 우유, 종량제봉투, 물티슈 등의 구매 비율도 높게 나타납니다. 이는 가정을 위한 필수적인 구매가 많음을 시사합니다.
   - 구매 물품의 구매 비율에서 상대적으로 높은 값을 보이는 제품들은 가정에서 주기적으로 필요로 하는 상품군이 대부분임을 알 수 있습니다.

4. **가구 구성원 추정**:
   - 연령의 평균은 약 53.94세, 가장 빈번한 연령대는 64세입니다. 이러한 데이터는 이 그룹이 중장년층부터 노년층에 걸친 가정을 대표할 가능성이 높음을 시사합니다.
   - 고려된 제품군 및 구매 행태를 바탕으로, 성인 자녀를 둔 중장년층이거나, 또는 노년층 부부가 이 그룹의 대표적인 가구 구성원일 것으로 추정됩니다.

5. **추정 근거**:
   - 요일 및 시간대별 방문 패턴, 구매 물품과 그 비율, 그리고 연령 정보를 기바능로 이 그룹의 주요 소비자는 주말 중심으로 쇼핑을 하며, 가정용품 및 식료품을 중심으로 소비하는 중장년층 및 노년층이라고 할 수 있습니다.
   - 가족 구성원이 다양하거나 큰 가족 단위가 있을 가능성도 고려될 수 있으나, 주로 가정에서 필요로 하는 기본 제품에 초점을 맞춘 소비 패턴을 보여줍니다.

6. **종합 의견**:
   이 분석을 통해 이 그룹은 주말에 주로 쇼핑을 하며, 가정 필수품 및 간식, 식사 대용품을 주로 구매하는 중장년층과 노년층 가구로 구성되어 있음을 알 수 있습니다. 이들의 소비 패턴은 일상 생활에 필요한 상품 위주로 구매하는 경향을 보이며, 특히 토요일에 방문하는 비율이 높은 것으로 나타났습니다. 

7. **핵심 키워드**: ""주말 방문 선호"", ""중장년층 및 노년층"", ""가정용품 및 식료품 구매"", ""기본 생필품 위주 소비"", ""간식류 및 식사 대용품"", ""노브랜드 제품 선호"", ""일상 필수품 중심"", ""정기적인 구매 패턴"", ""가족 단위 소비자"", ""오후 시간대 집중 쇼핑""."
25.0,5.0,13.0,4588,"제공받은 자료에 기반한 이 그룹의 특징은 다음과 같습니다.

1. **요일별 방문 특성**:
   - 요일별 방문 횟수의 중앙값을 보면, 월요일부터 금요일까지는 대체로 2회 방문하는 경향을 보이며, 일요일 역시 같습니다. 그러나 토요일에는 방문 횟수가 급격히 증가하여 중앙값이 5회에 달합니다. 이를 통해 주말 중 특히 토요일에 해당 그룹의 구매행동이 증가한다는 것을 알 수 있습니다.

2. **시간대별 방문 특성**:
   - 시간대별 방문 횟수의 중앙값을 살펴보면, 오전 11시부터 오후 4시까지 방문 중앙값이 2회로, 이 시간대에 구매 활동이 활발함을 알 수 있습니다. 특히, 오후 12시와 1시에는 평균 방문 횟수가 2.5를 넘는 것으로, 점심 시간대에 가장 활발한 구매 활동을 함을 추정할 수 있습니다.

3. **구매 물품의 구매성향 및 구매 수량과 구매 물품의 특성**:
   - 구매 비율을 살펴볼 때, '스낵'과 '탄산음료', '우유'는 상대적으로 높은 구매 비율을 보이며, 이는 간식 및 음료류에 높은 선호를 보임을 암시합니다. 노브랜드 제품들(음료, 냉동가공, 과자) 역시 상위 판매 목록에 자주 등장하며, 가성비 높은 상품에 대한 선호를 나타냅니다.

4. **가구 구성원 추정**:
   - 연령의 평균이 46.5세, 중앙값이 45세, 최빈값이 41세로, 주로 40대 중후반 가구를 중심으로 구성되어 있음을 추정할 수 있습니다. 판매된 상품군을 본 때, 가구 구성원으로는 자녀가 있는 가족이 포함될 가능성이 높으며, 간편식 및 간식류 구매 비율이 높음을 고려할 때, 바쁜 생활을 하는 중년 가구가 주요 구매 그룹일 것으로 보입니다.

5. **추정 근거**:
   - 추정근거는 연령 데이터 분석과 상위 판매 상품 및 구매 패턴을 기반으로 합니다. 가성비 높은 노브랜드 제품 선호와 직장인 및 학생을 위한 간편식 및 간식류의 높은 구매 비율은 바쁜 일상을 보내는 중년 가구의 소비 패턴과 일치합니다. 또한, 주말 특히 토요일의 높은 방문 횟수는 가족 단위의 주말 쇼핑을 나타내는 것으로 보입니다.

6. **종합 의견**:
   - 해당 그룹은 주로 40대 중후반 가구를 중심으로 구성되며, 가족 단위로 주말에 마트를 방문하여 주거래합니다. 가성비와 편의성을 중시하는 구매 성향을 보이며, 간편식 및 간식류에 대한 선호가 높습니다. 주말 특히 토요일에 쇼핑 활동이 집중되는 경향이 있습니다.

7. **핵심 키워드**: ""가족 단위 구매 선호"", ""간편식 및 간식류 선호"", ""노브랜드 제품 선호"", ""40대 중후반 가구"", ""주말 마트 방문 집중"", ""가성비 중시"", ""편의성 중시"", ""주거래 마트 선호"", ""중년 가구 소비 패턴"", ""점심 시간대 활발한 구매"""
25.0,5.0,8.0,4233,"제공받은 자료에 기반한 이 그룹의 특징은 다음과 같습니다:

1. **요일별 방문 특성**:
   - 주말(특히 토요일)에 방문 횟수가 크게 증가합니다. 토요일의 방문 평균은 5.4029회로, 주말 중 가장 높습니다.
   - 주 중에는 금요일이 다른 요일에 비해 방문 횟수가 약간 높습니다(평균 2.2495회).
   - 주 초와 주 중 가운데의 방문 평균은 상대적으로 낮습니다.

2. **시간대별 방문 특성**:
   - 점심 시간대(12시-14시)에 방문 횟수가 가장 높으며, 특히 13시에 평균 방문 횟수가 2.5267로 가장 높습니다.
   - 방문 횟수는 오전 10시에 시작해 점심 시간대에 절정을 이루고, 그 후 오후 7시까지 점차 감소합니다.
   - 저녁 시간(19시 이후)에 방문 횟수는 크게 감소하며, 밤 10시 이후에는 거의 방문이 없습니다.

3. **구매 물품의 구매성향 및 구매 수량과 구매 물품의 특성**:
   - 이 그룹은 주로 ""수입맥주"", ""스낵"", ""우유"", ""봉지라면(국물)"", ""비스킷"" 등을 구매합니다.
   - ""스낵""이 방문 대비 구매 비율이 가장 높습니다(평균 0.2906).
   - 일상 생활에서 필요한 상품들(우유, 라면, 비스킷, 소주, 두부 등)과 일부 주류 및 스낵류가 많이 포함되어 음식 및 간식 선호도가 높은 것으로 보인다.

4. **가구 구성원 추정**:
   - 연령 평균은 44.1694세로, 중앙값은 43세, 최빈값은 42세입니다. 이로부터 40대 중반의 성인이 주된 구매자임을 알 수 있습니다.
   - 구매 물품을 고려할 때, 가족 단위의 구매가 있을 가능성이 크며, 자녀가 있는 가정에서 선호할 수 있는 제품이 다수 포함되어 있습니다.

5. **추정 근거**:
   - 데이터 분석 결과와, 일반적으로 마트 구매 패턴, 연령대별 소비 경향에 대한 이전 학습을 기반으로 합니다.
   - 40대 중반의 평균 구매 연령과, 주말과 점심 시간대의 방문 특성은 가족 단위의 구매를 시사합니다.
   - 구매 항목들은 가정에서 필요한 제품들과 자녀들이 선호할 수 있는 간식 등을 포함하고 있습니다.

6. **종합 의견**:
   - 분석된 그룹은 주로 40대 중반의 성인으로 구성된 가족 단위의 소비자로 추정됩니다.
   - 주말과 점심 시간대에 방문이 집중되며, 일상 생활용품과 간식, 주류를 주로 구매합니다.
   - 소비 패턴은 가정에서 필요한 기본 물품과 자녀를 위한 간식 구매에 초점이 맞춰져 있을 가능성이 높습니다.

7. **핵심 키워드**:
   - ""주말 방문 증가"", ""점심 시간대 방문"", ""가족 단위 구매"", ""40대 중반 소비자"", ""스낵 및 주류 선호"", ""일상 생활용품 구매"", ""자녀가 있는 가정"", ""소비자 구매 패턴"", ""기본 물품 및 간식"", ""가정용 제품 대상""."
15.0,10.0,22.0,8787,"제공받은 자료에 기반한 이 그룹의 특징은 다음과 같습니다:

1. **요일별 방문 특성**: 해당 그룹은 목요일에 가장 많이 방문하는 경향이 있으며, 일요일에는 방문 횟수가 가장 적습니다. 요일별 방문의 중앙값은 대부분 2이고, 특히 목요일과 화요일의 경우 방문이 더 명확하게 증가합니다.

2. **시간대별 방문 특성**: 이 그룹은 오후 3시와 4시에 가장 많이 방문하는 것으로 나타났습니다. 이 시간대는 이 그룹의 마트 사용자들이 최대로 활동하는 시간대로 볼 수 있습니다. 반면, 오전 10시 이전과 오후 10시 이후의 방문은 상대적으로 매우 적습니다.

3. **구매 물품의 구매성향 및 구매 수량과 구매 물품의 특성**: 주요 구매 품목은 “노브랜드과자”, “스낵”, “빵류”, “봉지라면(국물)”, “노브랜드냉동가공” 등입니다. 구매 비율의 평균, 표준편차, 최빈값, 중앙값을 통해, 이 그룹의 소비자들이 일상 소비재와 간식류에 중점을 두고 구매하는 경향을 보임을 알 수 있습니다.

4. **가구 구성원 추정**: 이 그룹의 평균 연령이 약 58세이며 주된 연령대가 60대에 해당합니다는 것을 감안할 때, 이 그룹은 주로 고령의 가구 또는 은퇴한 부부가 주를 이루는 것으로 추정됩니다. 그들이 구매하는 제품들을 통해 보건과 일상생활에 필요한 것들을 중심으로 소비하는 경향을 추측할 수 있습니다.

5. **추정 근거**: 연령 데이터의 분포와 구매하는 제품군을 보면, 이 그룹의 소비자 대부분이 생활의 편리함과 일상의 필수품에 중점을 두고 있는 것으로 판단됩니다.

6. **종합 의견**: 이 그룹은 주로 고령의 가구 구성원이 포함된 것으로 추정되며, 일상 용품 및 간식류에 중점을 둔 소비 패턴을 지닙니다. 요일별과 시간대별 방문 특성을 고려하면, 이들이 주중, 특히 오후 시간대에 쇼핑을 하는 것을 선호한다는 것을 알 수 있습니다.

7. **핵심 키워드**: ""고령 가구"", ""일상용품 소비"", ""간식류 중점"", ""오후 시간대 쇼핑"", ""주중 방문"", ""노브랜드과자"", ""스낵 구매"", ""평균 연령 58세"", ""목요일 선호"", ""일요일 최소 방문"""
15.0,10.0,21.0,4710,"제공받은 자료에 기반한 이 그룹의 특징은 다음과 같습니다:

1. **요일별 방문 특성**: 이 그룹은 주중에 방문하는 횟수가 주말에 비해 상대적으로 높으며, 목요일에 가장 많이 방문하고, 일요일에 가장 적게 방문하는 특성을 가지고 있습니다. 특히, 목요일의 방문 횟수 중앙값은 3회이며, 평균도 3회에 가까워, 일주일 중 목요일에 가장 많은 방문이 이루어지는 것을 알 수 있습니다.

2. **시간대별 방문 특성**: 오후 시간대에 방문하는 횟수가 오전 시간대에 비해 많으며, 특히 15시와 16시에 방문 횟수가 가장 많습니다. 이 시간대의 방문 횟수 중앙값은 각각 4회로, 방문 횟수의 높은 빈도를 보여줍니다.

3. **구매 물품의 구매성향 및 구매 수량과 구매 물품의 특성**: 이 그룹은 주로 '노브랜드' 제품을 구매하며, 특히 유가공품, 냉장가공, 농산가공 제품에 대한 구매 비율이 높습니다. 또한, 기본적인 식재료부터 간편식까지 다양한 범위의 제품을 구매하는 경향이 있습니다. '우유'와 '대여용부직포쇼핑백' 제품의 구매 비율이 상대적으로 높은 편입니다.

4. **가구 구성원 추정**: 이 그룹의 평균 연령은 58세로 추정되며, 가장 빈번한 연령대(mode)는 63세입니다. 이러한 데이터를 바탕으로, 이 그룹은 주로 중년에서 노년 가구로 구성된 것으로 추정됩니다. 가구 구성원은 아마도 부부 혹은 독거노인으로 이루어져 있을 가능성이 높습니다.

5. **추정 근거**: 대상 그룹의 소비 패턴은 '마트의 주 고객층은 30대에서 50대 사이임'과는 차이가 있으며, 주로 자녀가 독립한 중년 이후의 소비자로 추정됩니다. '노브랜드' 제품에 대한 선호는 가격 대비 품질을 중시하는 소비 경향을 반영할 수 있으며, 다양한 제품군에 걸친 구매는 가정에서 필요한 필수품 및 간편식 구입을 위한 것으로 보입니다.

6. **종합 의견**: 이 그룹은 주로 주중에, 특히 목요일에 마트를 방문하고, 오후 시간대에 활발히 쇼핑을 하는 중년 이상의 가구로 구성되어 있을 가능성이 높습니다. '노브랜드' 제품을 선호하며, 일상 생활에서 필요한 다양한 제품을 구매하는 소비 행태를 보여줍니다. 이를 통해 주요 소비 시장이 되는 중년 이상의 고객층의 필요와 선호도에 맞는 상품 구성과 프로모션 전략이 필요함을 시사합니다.

7. **핵심 키워드**: ""목요일 방문 선호"", ""오후 시간대 쇼핑 활동"", ""노브랜드 제품 구매 선호"", ""중년 이상 가구"", ""유가공품 및 기본 식재료 구매"", ""간편식 구매 성향"", ""우유와 대여용 쇼핑백 구매 비율 높음"", ""가격 대비 품질 중시"", ""필수품 및 간편식 중심 구매"", ""마트 방문 선호 시간대 및 요일 특성""."
25.0,10.0,22.0,4023,"제공받은 자료에 기반한 이 그룹의 특징은 다음과 같습니다:

1. **요일별 방문 특성**:
   - 토요일에 방문 횟수가 가장 높으며(평균 5.4029회), 다음으로 금요일이 이어집니다(평균 2.2495회).
   - 방문이 가장 낮은 요일은 수요일입니다(평균 1.6624회).

2. **시간대별 방문 특성**:
   - 오후 3시(평균 4.1411회)와 4시(평균 3.9718회)에 방문 횟수가 가장 많이 나타납니다.
   - 오전 10시(평균 0.5097회) 방문이 가장 낮으며, 저녁 11시 이후로는 방문이 거의 없습니다.

3. **구매 물품의 구매성향 및 구매 수량과 구매 물품의 특성**:
   - '종량제봉투', '우유', '일반란', '수입견과' 등의 항목에서 상대적으로 높은 구매 비율을 보이며, 이는 일상적인 필수품을 중시하는 소비 패턴을 보입니다.
   - '냉동가공', '빵류', '과자', '우유' 등의 구매 빈도가 높아, 간편식이나 식료품에 대한 선호가 높다고 볼 수 있습니다.

4. **가구 구성원 추정**:
   - 평균 연령이 56세, 가장 빈도가 높은 연령대가 61세임으로 볼 때, 가구 구성원은 주로 중장년층 또는 노년층으로 구성될 가능성이 높습니다.

5. **추정 근거**:
   - 요일과 시간대별 방문 특성은 주중보다는 주말에, 특히 토요일에 높은 방문 선호도를 보여 가족 단위의 방문이 더 많을 수 있음을 시사합니다.
   - 구매하는 물품의 종류와 구매 비율에서 필수 식료품, 간편식의 선호도가 높은 것은 중장년층 또는 노년층 가구의 소비 패턴과 일치합니다.

6. **종합 의견**:
   - 이 데이터를 종합하면, 주로 토요일에 방문하는 이 그룹은 중장년층 또는 노년층으로 구성된 가구로 추정됩니다. 그들은 주로 필수 식료품과 간편식에 소비를 집중하고 있으며, 저녁보다는 오후 시간대에 방문 경향이 높습니다.

7. **핵심 키워드**:
   - ""주말 방문 선호"", ""중장년층 소비자"", ""필수 식료품 구매"", ""간편식 선호"", ""오후 시간대 방문"", ""토요일 최고 방문일"", ""노년층 가구"", ""높은 구매 비율"", ""일상용품 중시"", ""가족 단위 방문"""
17.0,11.0,4.0,4364,"제공받은 자료에 기반한 이 그룹의 특징은 다음과 같습니다:

1. **요일별 방문 특성**: 
    - 주말인 토요일에 방문 횟수가 가장 많으며, 일요일은 방문 횟수가 현저히 낮음을 보여줍니다.
    - 평일 중 금요일이 방문 횟수가 상대적으로 높으며, 수요일이 가장 낮습니다.

2. **시간대별 방문 특성**:
    - 오후 시간대인 15시부터 17시 사이에 방문 횟수가 가장 많으며, 특히 16시에 가장 높은 방문 횟수를 보입니다.
    - 오전 시간대는 방문 횟수가 상대적으로 낮으며, 자정에 가까운 22시 이후로는 방문이 거의 없습니다.
  
3. **구매 물품의 구매성향 및 구매 수량과 구매 물품의 특성**:
    - 주요 구매 항목으로는 `레드와인`, `화이트와인`, `수입맥주` 등의 주류 제품과 함께 식사 대용품과 간식류(`스낵`, `치즈`, `봉지라면`, `우유`) 등이 포함되어 있습니다.
    - `종량제봉투`의 구매 비율이 매우 높으며, `우유`의 경우 구매 비율이 가장 높은 품목 중 하나입니다.
    - 구매 특징으로는 주류, 식사 대용품, 간식류에 초점이 맞춰져 있으며, 일상 생활에 필수적인 제품들을 구매하는 경향이 있습니다.

4. **가구 구성원 추정**:
    - 본 그룹의 평균 연령이 57.3세이며, 가장 많은 연령대가 62세임을 고려할 때, 주로 중장년층 이상의 성인이 가구의 주된 구성원임을 추정할 수 있습니다.

5. **추정 근거**:
    - 주말 방문이 많고, 주류 및 식사 대용품, 필수 생활용품을 주로 구매하는 경향은 주로 자녀가 성인이거나 독립한 중장년 가구의 구매 패턴을 반영할 수 있습니다.
    - 연령대 및 구매 패턴으로 볼 때, 가구 내 소득원이 있거나 자녀가 없거나 떨어져 사는 가구의 특성을 보여줍니다.

6. **종합 의견**:
    - 이 그룹은 주로 중장년층 이상의 성인으로 구성된 가구로, 주말에 주로 쇼핑을 하며, 주류, 식사 대용품, 그리고 필수 생활용품에 중점을 두고 구매하는 소비 패턴을 가지고 있습니다.
    - 평일보다는 주말에 방문을 선호하며, 특히 토요일에 마트를 방문하는 경향이 두드러집니다.
    - 다양한 연령대의 구성원으로 이루어진 가구라기보다는 상대적으로 일정한 연령대의 성인으로 구성된 가구의 특성을 가진 것으로 추정됩니다.

7. **핵심 키워드**:
    - ""중장년층 구매 패턴"", ""주말 쇼핑 선호"", ""주류 및 식사 대용품 구매"", ""필수 생활용품 구매"", ""토요일 마트 방문"", ""우유와 종량제봉투"", ""식사 대용품 구매 선호"", ""주류 소비 경향"", ""중장년 가구"", ""자녀 없는 가구"""
15.0,15.0,22.0,11013,"제공받은 자료에 기반한 이 그룹의 특징은 다음과 같습니다:

1. **요일별 방문 특성**:
   - 이 그룹은 목요일에 가장 많이 방문합니다(평균 3.0028회, 중앙값 3회). 방문이 가장 적은 날은 일요일입니다(평균 1.4325회, 중앙값 1회). 요일별 방문의 분산은 대체로 비슷하며, 주로 2회 방문하는 경향이 있습니다.

2. **시간대별 방문 특성**:
   - 이 그룹의 방문은 오후 시간대에 집중되어 있습니다. 평균 방문 횟수로 볼 때, 오후 5시(평균 2.3223회, 중앙값 2회)와 오후 4시(평균 2.1722회, 중앙값 2회)에 방문이 가장 많습니다. 시간대별 방문은 저녁 시간에 줄어들기 시작하며, 밤 10시 이후에는 방문이 현저히 줄어듭니다.

3. **구매 물품의 구매성향 및 구매 수량과 구매 물품의 특성**:
   - 이 그룹은 주로 `노브랜드과자`, `스낵`, `빵류`, `봉지라면(국물)` 등의 제품을 구매합니다. 특히 `종량제 봉투`의 경우 마트 방문 대비 구입 비율이 높은 편입니다(평균 0.1557). 전체적으로 간편식 및 일상적인 소모품 위주로 구매하는 경향이 있습니다.

4. **가구 구성원 추정**:
   - 이 그룹의 평균 연령은 약 51.5세 입니다. 가장 자주 나타나는 나이는 55세입니다. 이 데이터를 통해 주로 중년층 이상의 성인들이 포함된 가구를 대상으로 한다고 추정할 수 있습니다. 또한, 구매 품목으로 볼 때, 1~2인 가구 또는 가족 단위의 구성원이 있을 것으로 추정됩니다.

5. **추정 근거**:
   - 구매 품목의 특성과 구매 비율, 마트 방문 시간대 및 요일 분포에서 이 그룹이 어떠한 소비 성향을 보이는지 분석하였습니다. 또한, 연령 데이터를 토대로 가구 구성원의 연령대를 추정하였습니다.

6. **종합 의견**:
   - 이 그룹은 주로 오후 시간대에 마트를 방문하며, 간편식과 일상적인 소모품 구매에 중점을 두는 중년층 이상의 성인들로 구성되어 있는 것으로 보입니다. 구매 패턴은 일상 생활에 필요한 기본적인 물품과 간식 물품 중심으로 형성되어 있습니다.

7. **핵심 키워드**:
   ""중년층 이상 성인"", ""오후 시간대 방문"", ""간편식 구매 성향"", ""일상적인 소모품"", ""1~2인 가구 추정"", ""기본적인 물품"", ""간식 물품"", ""중앙값 중요도"", ""목요일 최대 방문"", ""일요일 최소 방문"""
15.0,15.0,13.0,6563,"제공받은 자료에 기반한 이 그룹의 특징은 다음과 같습니다.

### 1. 요일별 방문 특성
- 방문이 가장 많은 날은 목요일(평균 3.0028회 방문)이며, 다음으로는 화요일(평균 2.8904회 방문)입니다.
- 방문이 가장 적은 날은 일요일(평균 1.4325회 방문)입니다.
- 주중에 방문 빈도가 더 높으며, 특히 목요일에 방문 횟수 평균이 가장 높습니다.

### 2. 시간대별 방문 특성
- 방문이 가장 많은 시간대는 17시(평균 2.3223회 방문), 다음으로는 16시(평균 2.1722회 방문)입니다.
- 오전 시간대(10시~12시)보다는 오후 시간대(13시~19시)에 방문 빈도가 더 높습니다.
- 방문이 가장 적은 시간대는 23시(평균 거의 0회 방문)입니다.

### 3. 구매 물품의 구매성향 및 구매 수량과 구매 물품의 특성
- 가장 많이 판매된 상품은 '노브랜드음료'이며, 판매량은 192,828개입니다. 해당 상품의 구매 비율은 평균 0.1139로, 방문당 평균적으로 약 11.39%의 확률로 구매됩니다.
- '스낵' 상품의 구매 비율이 평균 0.2027로, 방문당 평균적으로 약 20.27%의 확률로 구매됩니다. 이는 상대적으로 높은 구매 비율 중 하나입니다.
- 구매 물품은 주로 생활 필수품 및 간식류로 구성되어 있으며, 노브랜드 상품의 비율이 높습니다.

### 4. 가구 구성원 추정
- 이 그룹의 평균 연령은 약 45.66세이며, 중앙값은 45세, 가장 빈도가 높은 연령대는 42세입니다.
- 중장년층이 주로 구성된 가구로 추정됩니다. 간편식 및 간식류 구매 비율이 높은 점을 고려할 때, 자녀가 있는 가족 또는 혼자 사는 성인의 구성원일 가능성이 있습니다.

### 5. 추정 근거
- 마트 방문일과 시간대 분석은 구체적인 생활 패턴 및 구매 습관을 반영합니다. 예를 들어 주말보다 평일에 더 많은 방문이 이루어지며, 오후 시간대에 집중적인 방문이 이루어진다는 점은 직장인 또는 학생 등의 연령대가 포함될 가능성이 있음을 시사합니다.
- 구매 물품의 종류와 구매 비율 분석에서 간식류와 생활 필수품이 높은 비율을 차지하는 점은 가족 내의 다양한 연령대의 혼합 또는 젊은 층을 포함할 가능성을 시사합니다.

### 6. 종합 의견
- 분석 결과, 이 그룹은 평일에 주로 방문하며, 오후 시간대에 상점을 이용하는 경향이 있는 중장년층 중심의 가구 구성원으로 추정됩니다. 주 구매 물품은 생활 필수품 및 간식류이며, 노브랜드와 같은 가성비 높은 상품을 선호하는 경향이 있습니다. 가족 구성의 다양성을 고려할 때, 가구 구성원은 자녀를 둔 가족 또는 혼자 사는 성인이 포함될 수 있습니다.

### 7. 핵심 키워드
""평일 방문"", ""오후 시간대"", ""중장년층"", ""가족 구성원"", ""생활 필수품"", ""간식류 선호"", ""노브랜드 상품"", ""가성비"", ""자녀 있음 가능성"", ""혼자 사는 성인 가능성"""
15.0,15.0,18.0,4506,"제공받은 자료에 기반한 이 그룹의 특징은 다음과 같습니다:

1. **요일별 방문 특성**:
   - 목요일이 평균 방문 횟수(3.0028)로 가장 높으며, 중앙값과 최빈값 모두 2입니다. 이는 목요일에 고객의 활동이 가장 많음을 나타낼 수 있습니다.
   - 일요일은 평균 방문 횟수가 가장 낮은 날(1.4325)로, 활동이 가장 적은 날입니다.

2. **시간대별 방문 특성**:
   - 오후 5시가 평균 방문 횟수(2.3223)로 가장 높으며 이후 방문 횟수가 점차 감소합니다. 최빈 방문 시간은 4시와 5시로 각각 최빈값이 2입니다. 이것으로 저녁 준비 시간 전후로 고객 방문이 집중되어 있다고 추정할 수 있습니다.

3. **구매 물품의 구매성향 및 구매 수량과 구매 물품의 특성**:
   - 스낵, 봉지라면(국물), 탄산음료, 우유 등 편의식품과 음료가 상위 판매 제품에 속합니다. 특히, 빵류의 구매 비율(0.2454의 평균)이 가장 높으며, 최빈값도 있다는 점에서 빵류 제품이 이 그룹에게 인기가 있다고 볼 수 있습니다.
   - 판매된 상품들은 대체로 가공식품이나 신속하게 섭취할 수 있는 제품들이 주를 이룸으로써, 바쁜 생활 리듬을 가진 소비자들의 구매 경향을 반영할 수 있습니다.

4. **가구 구성원 추정**:
   - 소비 패턴과 연령의 평균(48.8613), 최빈값(53)을 고려할 때, 주로 중년 가구가 해당될 것으로 보입니다. 가공식품 및 편의 제품 위주의 구매 경향은 청소년을 포함한 가족 단위의 구매 패턴일 수 있습니다.

5. **추정 근거**:
   - 가설은 통계 데이터와 가족 구성, 세대별 구매 경향에 관한 기존의 학습 데이터를 바탕으로 이루어졌습니다. 중년 가구와 관련된 추정은 주로 이 연령대에서 나타나는 소비 패턴과 맞아 떨어집니다.

6. **종합 의견**:
   - 이 그룹은 주로 중년 가구인 것으로 추정되며, 가공식품 및 편의식 제품을 선호하는 경향이 있음을 나타냅니다. 일주일 중 목요일에 가장 활발히 활동하며, 오후 5시경에 가장 많이 방문하는 경향이 있습니다. 이 정보는 매장 운영 시간 조정 및 상품 재고 관리에 유용하게 쓰일 수 있습니다.

7. **핵심 키워드**:
   ""중년 가구"", ""목요일 활동 증가"", ""오후 5시 방문 집중"", ""가공식품 선호"", ""편의식품"", ""음료류"", ""구매 비율 가중치"", ""통계 데이터 분석"", ""소비 패턴"", ""세대별 구매 경향"""
15.0,15.0,8.0,4420,"제공받은 자료에 기반한 이 그룹의 특징은 다음과 같습니다:

1. **요일별 방문 특성**
   - 고객들은 목요일(평균 3.0028회)에 가장 많이 방문하며, 일요일(평균 1.4325회)에 가장 적게 방문합니다.
   - 월요일부터 금요일까지는 상대적으로 높은 방문 빈도를 나타내며, 주말로 갈수록 방문 빈도가 감소하는 경향이 있습니다.

2. **시간대별 방문 특성**
   - 방문 빈도는 오후 시간대에 점차 증가하여 17시(평균 2.3223회)에 정점을 찍고, 이후 점차 감소합니다.
   - 오전 10시(평균 0.5544회)에 가장 적게 방문하며, 22시와 23시에는 거의 방문하지 않습니다.

3. **구매 물품의 구매성향 및 구매 수량과 구매 물품의 특성**
   - 구매 품목 중 ""수입맥주""가 가장 많은 판매량을 기록했으며, 그 뒤를 ""스낵"", ""우유""가 따릅니다.
   - 스낵(구매 비율 평균 0.2921), 종량제봉투(구매 비율 평균 0.2659) 등 생활 필수품과 간편식, 주류 및 음료가 구매 비율에서 상대적으로 높은 수치를 보입니다. 이는 고객들의 편의성 및 여가 생활 용품에 대한 구매 경향을 나타냅니다.

4. **가구 구성원 추정**
   - 연령 데이터(평균 44.3833세, 중앙값 44세, 최빈값 41세)를 통해 이 구매 그룹은 대체로 40대 중반의 성인들로 구성되어 있음을 추정할 수 있습니다. 
   - 구매하는 제품군(간편식, 주류, 스낵 등)을 고려할 때, 단독 가구 또는 배우자와 함께 살아가는 소규모 가족(성인 자녀 없는)의 비중이 클 것으로 추정됩니다.

5. **추정 근거**
   - 소비 패턴 및 구매한 제품 종류에 근거하여, 고객의 생활 방식과 가구 구성을 추측합니다. 가족 구성원의 연령대, 구매 품목(예: 스낵, 주류, 간편식 등) 및 마트 방문 시간대 정보는 고객의 생활 스타일 및 가구 구성원에 대한 중요한 통찰력을 제공합니다.

6. **종합 의견**
   - 이 분석에 따르면, 이 그룹의 고객은 주로 40대 후반 가구의 성인으로, 주중에는 일과 후, 주말에는 낮 시간에 쇼핑하는 경향이 있습니다. 생활 필수품, 간편식, 주류 등을 선호하는 것으로 보아, 바쁜 일상 속에서도 여가를 중시하고 편리함을 추구하는 생활 패턴을 가지고 있을 가능성이 높습니다.

7. **핵심 키워드**
   - ""중년 성인"", ""소규모 가족"", ""주중 쇼핑"", ""주말 방문 감소"", ""간편식 선호"", ""주류 및 음료 구매 높음"", ""여가 및 편의 중시"", ""평일 저녁 쇼핑 선호"", ""생활 필수품 구매"", ""40대 후반"""
15.0,15.0,21.0,4248,"제공받은 자료에 기반한 이 그룹의 특징은 다음과 같습니다:

1. **요일별 방문 특성**: 이 그룹의 고객은 주 중반인 목요일에 가장 높은 방문 평균(3.0028)을 보였으며, 이는 해당 요일에 마트를 방문할 가능성이 높음을 의미합니다. 반면, 일요일은 방문 평균이 가장 낮은 요일(1.4325)로 나타났습니다. 방문 횟수의 최빈값은 대부분의 요일에서 2로 나타나, 대부분의 고객이 주당 2회 마트를 방문하는 경향이 있는 것으로 보입니다.

2. **시간대별 방문 특성**: 오후 시간대(15시부터 17시)에 마트 방문이 가장 많이 일어나며, 방문 횟수가 점차 증가하여 17시에 최고점(평균 2.3223)을 찍고 이후 점차 감소하는 경향을 보입니다. 이는 고객이 일과 후 또는 오후 시간대에 장을 보기 위해 마트를 방문하는 패턴을 가지고 있음을 의미합니다.

3. **구매 물품의 구매성향 및 구매 수량과 구매 물품의 특성**: 이 그룹의 고객은 주로 '노브랜드' 제품군에 집중하여 구매하고 있으며, '우유', '두부', '바나나', '종량제봉투', '일반란' 등의 제품을 높은 비율로 구매하는 것으로 나타났습니다. 특히, '우유' 구매 비율(평균 0.2534)이 가장 높게 나타나, 이 그룹의 고객이 생활필수품에 대한 구매 비중을 높게 두는 경향이 있음을 확인할 수 있습니다.

4. **가구 구성원 추정**: 제공된 데이터에 따라, 이 그룹의 평균 연령이 52.6세에 이르고 가장 많이 나타나는 연령이 53세임을 감안할 때, 가구는 주로 중년 이상의 성인으로 구성되어 있을 가능성이 높습니다. 따라서, 가구 구성원은 중년 부부 또는 노년 부부, 혹은 그들과 함께 사는 자녀나 손자녀일 가능성이 있습니다.

5. **추정 근거**: 제공된 데이터 분석과, 일반적인 구매 패턴 및 연령대별 소비성향을 기반으로 한 추정입니다. 중년 이상의 소비자는 일반적으로 가족 구성원을 위한 필수 소비재 구매에 중점을 두며, 이는 제품 선택에서도 반영되어 '노브랜드' 제품과 생활필수품의 높은 구매 비율로 나타납니다.

6. **종합 의견**: 이 그룹은 중년 이상의 성인으로 구성된 가구가 주 고객층으로, 주로 일과 후 오후 시간대에 마트를 방문하는 경향이 있습니다. 필수 생활 용품 및 '노브랜드' 제품에 높은 구매 비율을 보이며, 특히 '우유', '두부', '바나나' 등의 생활필수품에 대한 수요가 높습니다. 이는 생활 필수품의 구매에 중점을 두는 중년 이상의 가구의 소비 패턴을 잘 보여줍니다.

7. **핵심 키워드**: ""노브랜드 제품군"", ""생활필수품"", ""중년 이상의 성인"", ""오후 시간대 마트 방문"", ""주 중반 방문 선호"", ""일요일 방문 최저"", ""주당 2회 방문 경향"", ""우유 고구매 비율"", ""식품 구매 선호"", ""가구 구성원 중년 부부/노년 부부 추정""."
25.0,15.0,22.0,7819,"제공받은 자료에 기반한 이 그룹의 특징은 다음과 같습니다:

1. **요일별 방문 특성:** 이 그룹은 주말, 특히 토요일에 방문 횟수가 평균 5.403회로 가장 높으며, 다른 요일에 비해 월등히 높은 방문 경향을 보입니다. 주 중에는 금요일이 2.25회로 가장 높으며, 수요일이 1.6624회로 가장 낮습니다. 이는 이 그룹이 주말 쇼핑을 선호하며 금요일에도 쇼핑을 즐긴다는 것을 시사합니다.

2. **시간대별 방문 특성:** 시간대별 방문 횟수를 살펴보면, 오후 시간대인 17시에 방문 횟수가 평균 2.3223회로 가장 높고, 저녁 20시 이후부터는 방문 횟수가 점차 감소하는 경향을 보입니다. 이는 이 그룹이 오후 늦은 시간에 쇼핑을 선호한다는 것을 알 수 있습니다.

3. **구매 물품의 구매성향 및 구매 수량과 구매 물품의 특성:** 이 그룹은 주로 노브랜드 과자, 스낵, 빵류 등의 가벼운 식품과 봉지라면, 우유와 같은 일상 소비재를 선호하는 경향을 보입니다. 또한, '종량제봉투'의 구매 비율이 상대적으로 높은 것으로 보아, 가정에서의 실 사용을 위한 구매 또한 활발한 것을 알 수 있습니다.

4. **가구 구성원 추정:** 평균 연령이 약 49세(SD: 13.1)로서, 중년층이 주요 구매 그룹임을 시사합니다. 이는 가정을 이룬 가구, 특히 자녀가 있거나 중·장년의 부부가 주된 구성원일 가능성을 시사합니다.

5. **추정 근거:** 이 그룹의 구매 항목들은 일상적인 가정용 식품과 생필품에 중점을 두고 있으며, 특히 주말과 오후 시간대에 쇼핑하는 경향이 두드러집니다. 이는 가정을 이루고 있는 중장년층이 일과 후 또는 주말을 활용해 쇼핑하는 패턴과 일치합니다.

6. **종합 의견:** 이 그룹은 주로 주말과 오후 시간대에 마트를 방문하며, 일상적인 식품과 생필품 구매에 중점을 두는 중장년층의 가정이라 추정됩니다. 스낵, 빵류, 라면 등의 식품과 우유, 생수 같은 필수품을 주로 구매하며, 가벼운 식품 위주의 구매 경향이 두드러집니다.

7. **핵심 키워드:** ""주말 쇼핑"",""오후 시간대 선호"",""노브랜드 과자 선호"",""중장년층 가정"",""일상 식품 구매"",""생필품 구매"",""가벼운 식품"",""구매 비율 중시"",""가족 단위 소비"",""평일 저녁 쇼핑 선호"""
25.0,15.0,13.0,7681,"제공받은 자료에 기반한 이 그룹의 특징은 다음과 같습니다:

1. **요일별 방문 특성**: 이 그룹은 토요일에 상당히 높은 방문 빈도(평균 5.4029, 중앙값 5, 표준편차 1.4406)를 보입니다. 이는 주중과 비교해 토요일에 관련 구매 그룹의 방문 횟수가 가장 많다는 것을 나타냅니다. 금요일도 높은 방문 빈도(평균 2.2495)를 보이며 다른 주중 요일에 비해서는 방문이 상대적으로 적습니다.

2. **시간대별 방문 특성**: 시간대별로 보면, 오후 시간(15시부터 17시까지)의 방문 빈도가 점차 증가하여 17시에 최고점(평균 2.3223, 중앙값 2, 표준편차 1.5492)을 기록합니다. 이는 주요 구매 활동이 오후 시간대에 이루어진다는 것을 나타냅니다.

3. **구매 물품의 구매성향 및 구매 수량과 구매 물품의 특성**: 주로 노브랜드 음료, 봉지라면(국물), 스낵, 탄산음료, 우유 등의 식품이 많이 구매됩니다. 이 중 ‘스낵’(평균 구매 비율 0.2032)과 ‘우유’(평균 구매 비율 0.1782)의 구매 비율이 상대적으로 높아 간식류와 기본적인 식품을 주로 구매하는 경향을 보입니다.

4. **가구 구성원 추정**: 평균 연령이 43.7세, 중앙값이 42세인 것으로 보아, 이 구매 그룹은 주로 중년 성인으로 구성되어 있을 것으로 추정됩니다. 따라서 가족 단위의 구매가 이루어질 가능성이 높으며, 자녀가 있을 수도 있는 가정이 포함될 수 있습니다.

5. **추정 근거**: 제품의 구매 비율과 연령 등의 데이터를 바탕으로 한 예상으로, 기존의 소비 행태 연구와 제품 구매 데이터를 분석하여 추정합니다.

6. **종합 의견**: 본 그룹의 구매 패턴은 주말, 특히 토요일에 집중되며, 오후 시간대에 주요 구매 활동이 이루어집니다. 간식류 및 기본 식품의 구매가 우세하며, 중년 성인으로 구성된 가구의 구매 패턴을 나타냅니다. 이는 자녀를 동반한 가족 단위의 쇼핑 활동을 시사합니다.

7. **핵심 키워드**: ""요일별 방문 특성"", ""시간대별 방문 특성"",""구매 물품의 구매성향"", ""가구 구성원 추정"",""중년 성인"",""주말 쇼핑"",""가족 단위 쇼핑"",""간식류 구매"",""기본 식품"",""토요일 쇼핑"""
25.0,15.0,8.0,6362,"제공받은 자료에 기반한 이 그룹의 특징은 다음과 같습니다.

1. **요일별 방문 특성**: 이 그룹은 특히 토요일에 가장 활발하게 마트를 방문하는 경향이 있습니다. 평균 방문 횟수가 5.4029로, 다른 어떤 요일보다도 높습니다. 이는 평일보다는 주말에 마트 방문을 선호하는 소비자 그룹을 지시합니다. 또한, 금요일에도 상대적으로 높은 방문 빈도를 보입니다.

2. **시간대별 방문 특성**: 시간대별 분석에 따르면, 이 그룹은 오후 시간대에 마트를 방문하는 경향이 뚜렷하게 나타납니다. 특히 17시(평균 방문 횟수 2.3223)와 16시(평균 방문 횟수 2.1722)에 가장 많이 방문합니다. 이는 직장을 마친 후 퇴근 시간대에 마트를 방문하는 경향을 나타냅니다.

3. **구매 물품의 구매성향 및 구매 수량과 구매 물품의 특성**: 이 그룹은 주로 '수입맥주', '스낵', '우유', '봉지라면(국물)', '비스킷'와 같은 제품을 구매합니다. 이는 간편식과 주류에 대한 선호가 높은 소비자그룹임을 나타냅니다. 특히 '스낵'은 구매 비율이 평균 0.2952로 가장 높아 간식을 자주 구매하는 경향이 있음을 보여줍니다.

4. **가구 구성원 추정**: 평균 연령이 42.9175세인 이 그룹은 중장년층이 주를 이루는 것으로 볼 수 있습니다. '스낵', '우유', '봉지라면', '비스킷' 등의 구매 빈도를 고려할 때, 자녀가 있는 가족으로 볼 수 있으며, 일주일 중 특히 주말에 가족 단위로 쇼핑을 하는 경향이 있을 가능성이 높습니다.

5. **추정 근거**: 중장년층의 선호 제품과 구매 패턴을 통해 가구 구성원을 추정하였으며, 이는 다양한 연구와 시장 분석 자료를 바탕으로 한 일반적인 소비 패턴과 일치합니다. 특히 주말과 퇴근 시간대의 마트 방문이 두드러지는 것은 직장과 가정을 함께 책임지는 성인 가구원의 행동 특성과 일치합니다.

6. **종합 의견**: 이 그룹은 주로 중장년층 가구 구성원으로 추정되며, 간편식과 주류에 대한 선호가 높습니다. 특히 주말과 오후 시간대의 마트 방문이 활발해, 평일보다는 주말에 가족 단위로 쇼핑을 하는 경향이 강합니다. 이는 가족 단위의 구매를 고려한 마케팅 전략 수립에 유용한 인사이트를 제공할 수 있습니다.

7. **핵심 키워드**: ""중장년층"", ""주말 마트 방문"", ""간편식 선호"", ""주류 구매"", ""가족 단위 구매"", ""오후 시간대 쇼핑"", ""스낵"", ""수입맥주"", ""우유"", ""봉지라면"""
25.0,15.0,18.0,4109,"제공받은 자료에 기반한 이 그룹의 특징은 다음과 같습니다:

1. 요일별 방문 특성:

   이 그룹은 주말인 토요일에 마트를 가장 많이 방문합니다(Avg_Sat: 5.4029). 이는 평일과 비교하여 상당히 높은 방문 빈도를 나타냅니다. 평일 중에서는 금요일이 조금 더 높은 방문 빈도를 보입니다(Avg_Fri: 2.2495). 그러나 전반적으로 토요일 방문이 독보적으로 높습니다.

2. 시간대별 방문 특성:

   시간대별로는 오후 5시(Avg_17: 2.3223)부터 6시(Avg_18: 2.1441) 사이에 방문 빈도가 가장 높으며, 그 뒤를 이어 오후 4 시(Avg_16: 2.1722)가 높습니다. 이는 일과 후 또는 저녁 식사 준비 시간에 마트를 방문하는 경향을 나타냅니다.

3. 구매 물품의 구매성향 및 구매 수량과 구매 물품의 특성:

   가장 많이 구매되는 물품은 스낵, 봉지라면(국물), 탄산음료입니다. 이는 간식이나 간편식에 대한 중요성을 나타냅니다. 특히, 빵류 제품의 구매 비율이 높은 편으로(평균: 0.2387), 빠르고 간편한 식사나 간식을 선호하는 경향이 있음을 보여줍니다.

4. 가구 구성원 추정:

   연령대 평균은 47.3123세이며, 가장 빈번한 연령대는 52세입니다. 이 정보를 기반으로, 이 그룹은 주로 중장년층으로 구성되어 있으며, 가구 구성원은 성인 자녀가 있거나 없는 중년 부부일 가능성이 높습니다.

5. 추정 근거:

   방문시간과 구매 물품 목록을 통해, 이들이 간편하고 실용적인 일상 소비 패턴을 가지고 있다고 볼 수 있습니다. 연령대와 특정 상품의 구매 비율을 연계하여, 세대별 소비 특성에 대한 이해도를 바탕으로 추론합니다.

6. 종합 의견:

   이 그룹은 주로 주말에, 특히 토요일에 마트를 방문하는 중장년층으로, 일과 후 시간대에 집중적으로 방문하며 간식과 간편식을 선호하는 소비 패턴을 보입니다. 중년 부부가 주된 구성원으로 예상되며, 일상 생활에서 간편하고 실용적인 제품에 중점을 두는 구매 성향을 가지고 있습니다.

7. 핵심 키워드: 

   ""중장년층,"" ""주말 방문,"" ""간식 선호,"" ""오후 시간대 구매,"" ""중년 부부,"" ""간편식 구매,"" ""편의성 중시,"" ""과자 및 음료"", ""식사 대체품 선호"", ""세대별 소비 패턴"""
25.0,15.0,23.0,4108,"제공받은 자료에 기반한 이 그룹의 특징은 다음과 같습니다:

1. **요일별 방문 특성**: 이 그룹은 특히 토요일에 평균적으로 가장 많이 방문하는 경향이 있으며(평균 방문 횟수 약 5.4회), 방문의 중앙값 및 최빈값도 토요일에 높습니다. 금요일에도 방문률이 상대적으로 높으며(평균 방문 횟수 약 2.2회), 방문 횟수는 월요일부터 목요일까지 비교적 일정하게 낮은 편입니다.

2. **시간대별 방문 특성**: 오후 시간대, 특히 17시(평균 방문 횟수 약 2.3회)와 16시(평균 방문 횟수 약 2.17회)에 방문률이 높으며, 방문자 수는 점차 감소하여 22시와 23시에는 거의 없습니다.

3. **구매 물품의 구매성향 및 구매 수량과 구매 물품의 특성**: 이 그룹은 ""스낵"", ""노브랜드과자"", ""봉지라면(국물)"" 등 간편하게 섭취할 수 있는 제품을 주로 구매했습니다. ""종량제봉투""와 ""수입맥주"" 구매 비율도 상대적으로 높은 편이며, 이는 일정한 규모의 가정 및 성인 비중이 높을 수 있음을 시사합니다.

4. **가구 구성원 추정**: 평균 연령이 43.8세, 중앙값 42.5세, 최빈값 31세인 점을 감안할 때, 이 그룹은 주로 중장년층 가정 구성원으로 구성되어 있을 가능성이 높으며, 30대에서 50대 사이의 성인과 그들의 자녀로 추정됩니다.

5. **추정 근거**: 제품 구매 비율과 요일별, 시간대별 방문 특성, 연령 분포 정보를 분석함으로써 이러한 추정을 할 수 있습니다. 성인 지향 제품과 가정용품의 구매, 가족 단위의 주말 방문 패턴, 연령대 분포는 이 그룹이 가족 구성원으로 이루어진 중장년 세대임을 시사합니다.

6. **종합 의견**: 이 그룹은 중장년 세대의 가족 구성원으로 추정되며, 주로 주말에 마트를 방문해 간편식품, 가정용품을 구매하는 소비 패턴을 보입니다. 가족 단위의 생활 패턴과 구매 성향이 뚜렷이 나타나며, 마트 방문 및 구매 행태는 이러한 추정을 뒷받침합니다.

7. **핵심 키워드**: ""중장년 세대"", ""주말 방문"", ""간편식품 선호"", ""가정용품 구매"", ""가족 단위 방문"", ""종량제봉투 및 수입맥주 구매"", ""30대-50대"", ""토요일 고객층 증가"", ""오후 시간대 방문 선호"", ""중앙값과 최빈값의 일치"""
25.0,15.0,14.0,3986,"제공받은 자료에 기반한 이 그룹의 특징은 다음과 같습니다:

1. **요일별 방문 특성**: 이 그룹은 특히 토요일에 마트를 방문하는 경향이 매우 높으며(평균 방문 횟수 5.4029), 평일(월요일부터 금요일)보다 주말(토요일, 일요일)에 마트 방문 빈도가 증가합니다. 월요일과 금요일에도 비교적 방문 빈도가 높지만, 수요일의 방문 빈도가 가장 낮습니다.

2. **시간대별 방문 특성**: 오후 시간(15시부터 17시 사이)에 마트 방문이 가장 많으며, 방문 빈도는 점차 줄어들어 22시 이후에는 거의 방문이 없습니다. 이는 주로 오후 후반부터 저녁 시간대에 쇼핑을 선호하는 경향을 보여줍니다.

3. **구매 물품의 구매성향 및 구매 수량과 구매 물품의 특성**: 소주, 국산맥주, 봉지라면(국물), 스낵 등의 주류 및 간편식 품목들이 주로 구매되며, 특히 스낵은 구매 비율이 매우 높습니다(평균 0.4125). 이는 간단하게 섭취할 수 있는 식품과 주류 위주의 구매 경향을 보여줍니다.

4. **가구 구성원 추정**: 이 그룹의 평균 연령은 42.524세로, 대부분의 소비자는 중년 성인으로 추정됩니다. 주류 및 간편식 구매 경향으로 미루어 보아, 자녀가 있는 가구보다는 성인만으로 구성된 가구가 많을 것으로 추정됩니다.

5. **추정 근거**: 요일별, 시간대별 방문 특성 및 구매 물품의 데이터 분석을 기반으로 하며, 마트의 주 고객층과 구매 행태를 고려하였습니다.

6. **종합 의견**: 이 그룹은 주로 주말 또는 평일 오후 시간대에 마트를 방문하여 주류 및 간편한 식품을 선호하는 중년 성인으로 구성된 가구가 많다고 추정됩니다. 이들은 간편한 식사나 가벼운 음주를 선호하는 경향이 있습니다.

7. **핵심 키워드**: ""주말 방문 선호"", ""오후 시간대 쇼핑"", ""주류 선호"", ""간편식 선호"", ""중년 성인"", ""성인 가구"", ""평일 방문"", ""스낵 고비율 구매"", ""편의성 상품 선호"", ""소규모 가구 가능성"""
11.0,16.0,4.0,4564,"제공받은 자료에 기반한 이 그룹의 특징은 다음과 같습니다:

1. **요일별 방문 특성**: 이 그룹은 특히 주말인 토요일에 평균 방문 횟수가 가장 높으며(평균 30.34회), 금요일(평균 25.22회) 및 목요일(평균 24.05회)에도 상대적으로 높은 방문 빈도를 보입니다. 반면, 수요일은 상대적으로 가장 적은 방문 횟수를 보이며(평균 19.96회) 다른 요일에 비해 방문이 적은 편입니다.

2. **시간대별 방문 특성**: 저녁 시간대인 17시부터 21시까지가 방문 횟수가 급격히 증가하는 시간대로 나타나며(피크는 21시 평균 방문 횟수 26.18회), 이 시간대에 소비자들의 활동이 가장 활발한 것으로 파악됩니다. 이후 밤 22시 이후 급격히 방문 횟수가 감소합니다.

3. **구매 물품의 구매성향 및 구매 수량과 구매 물품의 특성**: 이 그룹은 주로 '대여용부직포쇼핑백'과 '우유'에 대한 구매 비율이 높으며('대여용부직포쇼핑백'의 평균 구매 비율 0.1782, '우유'의 평균 구매 비율 0.1537), 이는 해당 그룹이 일상 소비재에 중점을 두고 있음을 시사합니다. 반면, '레드와인', '화이트와인', '수입맥주'와 같은 음료류도 일정 비율로 구매되고 있어, 이 그룹의 소비가 다양한 범위에 걸쳐 있음을 나타낸다.

4. **가구 구성원 추정**: 연령 관련 데이터를 바탕으로 이 그룹은 평균적으로 55세(평균 연령 55.21세, 중앙값 55세)로 중년에서 장년층에 해당하는 인구가 주를 이루고 있음을 추정할 수 있습니다. 이 연령대는 종종 술류와 긍정적인 연관이 있는데다 일상 소비재 구매에도 중점을 두는 경향이 나타나, 중년에서 장년층으로 구성된 가구일 가능성이 높습니다.

5. **추정 근거**: 이와 같은 소비 패턴과 제품 구매 비율은 중년에서 장년 가구의 주요 소비 경향과 일치합니다. 특히, 주말 및 저녁 시간대의 활발한 방문 활동은 가족 단위의 쇼핑이나 주말의 가정용품 및 식재료 구매 활동과 매칭됩니다.

6. **종합 의견**: 이 그룹의 소비 패턴과 구매 행동은 중년에서 장년층 가구의 일상적인 필수품 및 여가 제품 구매 경향을 반영합니다. 평일보다 주말에 방문 빈도가 높고, 저녁 시간대에 쇼핑하는 경향은 가족 단위의 생활 패턴과 부합합니다. 다양한 제품의 구매는 이 그룹이 다양한 소비 욕구를 가지고 있음을 나타냅니다.

7. **핵심 키워드**: ""중년 가구"", ""주말 쇼핑"", ""일상 소비재"", ""술류 소비"", ""저녁 시간대 구매"", ""가구 필수품"", ""가족 단위 쇼핑"", ""음료류 구매"", ""장년층"", ""가정용품""."
17.0,16.0,4.0,5198,"제공받은 자료에 기반한 이 그룹의 특징은 다음과 같습니다:

1. **요일별 방문 특성**:
   - 토요일에 가장 많이 방문하며 평균 방문 횟수는 22.7712회 입니다. 이는 주말 쇼핑의 선호를 나타냅니다.
   - 일요일은 평균 방문 횟수가 11.3576회로, 주말 중 가장 적은 방문을 보이며, 이는 휴일에 사람들이 휴식을 취하거나 가족 활동을 위해 쇼핑을 덜 하는 경향이 있음을 암시합니다.
   - 주중에는 금요일이 평균 18.7226회 방문으로 가장 활발하며, 수요일이 평균 16.2123회로 가장 적은 방문을 보입니다. 

2. **시간대별 방문 특성**:
   - 밤 21시에 가장 많이 방문하며, 평균 방문 횟수는 26.183회 입니다. 밤 시간대의 활발한 방문은 직장인이나 바쁜 일정을 가진 소비자들이 퇴근 후 쇼핑을 하는 경향이 있음을 보여줍니다.
   - 오전시간대(10시 ~ 12시)와 오후 이른 시간대(13시~16시)는 상대적으로 적은 방문을 나타내며, 평균 방문 횟수가 점차 증가하여 오후 18시와 19시에 방문이 집중되는 것을 확인할 수 있습니다.

3. **구매 물품의 구매성향 및 구매 수량과 구매 물품의 특성**:
   - 레드와인, 화이트와인, 수입맥주, 치즈, 스낵 등의 구매가 두드러지며, 이러한 물품들의 구매는 생활의 여유 및 품질 중시 소비 경향을 나타냅니다.
   - 종량제 봉투, 우유, 두부, 대여용 부직포 쇼핑백 등의 생활 필수품의 비율도 높게 나타납니다. 이는 일상 생활과 밀접한 구매가 활발함을 나타냅니다.
   - 구매 물품 중 스낵과 레드와인의 비율이 높은 것은 저녁 시간대 방문의 맥락과 일치하며, 장 보기와 동시에 휴식의 시간을 준비하는 소비자의 성향을 반영합니다.

4. **가구 구성원 추정**:
   - 평균 연령이 53.8245세로, 중앙값이 54세입니다. 이를 통해 이 구매 그룹은 주로 50대 이상의 중장년층이 많음을 알 수 있습니다.
   - 이 연령대에서는 자녀가 성인이 되어 자립했거나, 부모님과 함께 사는 3세대 가정일 가능성이 있습니다. 또한, 질 좋은 식품과 주류의 구매 경향은 여유 있는 소비를 나타내며, 이는 자녀가 없거나 자녀가 경제력을 갖춘 가구일 수 있습니다.

5. **추정 근거**:
   - 추정 근거는 제공된 데이터 분석과 더불어, 다양한 연령대의 소비 패턴과 생활 습관에 대한 일반적인 지식을 기반으로 합니다. 특히, 주류와 고급 식품의 구매는 일정 수준의 경제적 여유와 소비 선호를 나타내며, 이는 중장년층 가구의 특성과 일치합니다.

6. **종합 의견**:
   - 이 그룹은 주말에 주로 방문하며, 특히 토요일의 방문 선호가 뚜렷합니다. 밤 시간대에 주로 방문하며, 주류와 고급 식품의 구매가 활발한 점으로 미루어 볼 때, 생활에 여유를 즐기려는 중장년층 가구가 주를 이루는 것으로 추정됩니다. 이들은 일상 생활 용품과 함께 휴식과 즐거움을 위한 제품을 구매하는 성향이 있음을 보여줍니다.

7. **핵심 키워드**:
   ""주말 방문 선호"", ""밤 시간대 쇼핑"", ""주류 및 고급 식품 선호"", ""중장년층 가구"", ""생활의 여유 추구"", ""일상 용품 구매 활발"", ""바쁜 직장인 및 가족 구성원"", ""퇴근 후 쇼핑"", ""소비 패턴"", ""가족 구성 추정"""
15.0,20.0,22.0,4736,"제공받은 자료에 기반한 이 그룹의 특징은 다음과 같습니다:

1. **요일별 방문 특성**: 
   - **수요일**과 **일요일**이 방문 횟수의 중앙값이 가장 낮은 요일들입니다. 특히, 일요일 방문 횟수의 평균 또한 매우 낮으며, 가장 적은 방문을 하나 볼 수 있습니다.
   - **목요일**이 방문 횟수의 평균과 중앙값이 가장 높은 요일입니다. 
   - **토요일**과 **일요일**은 방문 횟수가 급감하는 경향을 보입니다, 주말보다는 평일에 마트 방문을 주로 하는 소비자로 추정됩니다.

2. **시간대별 방문 특성**: 
   - 저녁 시간대인 **18시**에 방문 횟수의 평균과 중앙값이 가장 높으며, 이는 마트가 가장 붐비는 시간임을 시사합니다.
   - 오전 및 정오 시간대의 방문 횟수는 상대적으로 낮으며, 점심 후 시간대부터 방문 횟수가 점차 증가하는 추세를 보입니다.

3. **구매 물품의 구매성향 및 구매 수량과 구매 물품의 특성**:
   - **노브랜드과자**, **스낵**, **빵류**, **봉지라면(국물)** 등의 소규모 식품을 주로 구매하며, 이는 간편식이나 간식 등을 자주 구매하는 성향이 있음을 나타냅니다.
   - **종량제봉투**의 구매 비율이 비교적 높아, 장 보는 빈도가 높거나 대량 구매를 하는 소비자이거나, 가구 규모가 큰 경우일 수 있습니다.
   - 구매 비율 중 가장 높은 항목은 **종량제봉투**로, 마트 방문마다 필수적으로 구매해야 하는 물품임을 감안하면, 정기적인 대량 구매 패턴을 가질 가능성이 있습니다.

4. **가구 구성원 추정**:
   - 고객의 평균 연령이 **약 49세**이며, 가장 빈번한 나이는 **56세**로, 중장년층 소비자가 이 그룹의 주요 구성원임을 시사합니다.
   - 구매 패턴과 평일 방문 선호도를 감안할 때, 워킹 에이지 또는 은퇴 전후의 부부 또는 조손 가정일 가능성이 있습니다.

5. **추정 근거**:
   - 요일별과 시간대별 방문 특성은 주로 평일에 방문하고, 저녁 시간대가 가장 붐비는 경향을 보이며, 이는 직장인 또는 조기 퇴직한 중장년층이 주요 고객임을 나타냅니다【9†source】.
   - 구매 물품의 종류와 구매 비율은 간편식과 간식류의 선호도가 높은 가구의 성향과 일치합니다. 특히, 식품 외에도 정기적으로 필요한 생활용품 (예: 종량제 봉투)의 구매 비율이 높은 것은, 장 보기를 정기적으로 하며 대량으로 구매하는 가정을 시사합니다【11†source】.

6. **종합 의견**:
   - 이 그룹은 주로 평일에 마트를 방문하고, 저녁 시간대에 가장 활발히 활동하는 중장년층 가구로 추정됩니다. 구매 물품은 주로 간편식, 간식류를 포함한 식품이 많으며, 정기적으로 장을 보는 대량 구매 성향이 강합니다. 특히, 종량제 봉투의 구매 비율이 높은 점은 사람이 많은 가구일 가능성을 시사합니다.

7. **핵심 키워드**: 
   - ""중장년층"", ""평일 저녁 방문"", ""간편식 및 간식 선호"", ""대량 구매"", ""정기적 마트 방문"", ""종량제봉투 높은 구매 비율"", ""식품 중심 구매"", ""가구 구성원 추정"", ""과자 및 빵류 선호"", ""노브랜드 제품 선호"""
15.0,23.0,22.0,4017,"제공받은 자료에 기반한 이 그룹의 특징은 다음과 같습니다.

1. **요일별 방문 특성**: 
   - 가장 방문이 잦은 요일은 목요일로, 방문 횟수의 평균은 3회입니다. 목요일을 따라 화요일 역시 방문 횟수가 높은 편이며, 평균적으로 2.89회 방문합니다. 반면 일요일은 방문 횟수가 가장 적은 요일로, 평균 방문 횟수는 1.4회에 불과합니다. 이러한 패턴은 워킹데이에 마트를 방문하는 경향이 높으며, 주말에는 방문 빈도가 줄어드는 경향을 나타냅니다.

2. **시간대별 방문 특성**: 
   - 저녁 시간대인 20시와 21시에 방문 빈도가 가장 높습니다. 21시의 경우 평균 방문 횟수는 6.16회로, 이 시간대에 마트 방문이 활발하게 이루어집니다. 이는 퇴근 후 마트를 방문하는 패턴을 시사합니다. 오전 시간대(10시부터 12시)와 이른 오후 시간대(13시부터 17시)에는 상대적으로 방문 횟수가 적습니다.

3. **구매 물품의 구매성향 및 구매 수량과 구매 물품의 특성**:
   - 이 그룹은 주로 간편식, 과자 및 음료 등을 구매하는 경향을 보였습니다. 상품 구매 비율에서 ""노브랜드과자"", ""스낵"", ""빵류"" 등이 상위에 위치하며, 이는 간편하게 섭취할 수 있는 음식들에 대한 선호도가 높음을 의미합니다. 또한, ""종량제 봉투""의 구매 비율도 상당히 높은 편인데, 이는 정기적인 장보기 습관을 가진 가구일 가능성을 시사합니다.

4. **가구 구성원 추정**:
   - 연령대는 평균적으로 45세로, 가장 빈번한 연령대는 53세입니다. 이러한 연령대는 성인 가구원이 포함되어 있으며, 가족으로 구성된 가구일 가능성이 높습니다. 특히, 간편식과 과자 등의 구매 경향으로 미뤄볼 때, 자녀가 있을 가능성도 존재합니다.

5. **추정 근거**:
   - 소비 패턴과 방문 시간대는 ""소비자 행동 분석""에 관한 기존 연구와 연령대 비율은 인구 통계학의 기본 원칙에 근거하였습니다. 또한, 제품 구매 비율과 종량제 봉투의 구매는 일상 소비 패턴에 관한 이전 연구 데이터를 참조하였습니다.

6. **종합 의견**:
   - 해당 소비자 그룹은 주중 및 저녁 시간대에 마트를 방문하는 것을 선호하며, 간편식과 과자, 음료류 구매를 선호하는 중장년층 가구로 추정됩니다. 특히 목요일과 화요일에 방문 빈도가 높은 점은 주중 마트를 정기적으로 이용하는 습관이 있음을 나타냅니다. 연령대와 구매 품목으로 볼 때, 자녀가 있는 가족 구성원일 가능성도 고려됩니다.

7. **핵심 키워드**:
   - ""주중방문"", ""저녁시간대"", ""간편식선호"", ""중장년층 가구"", ""정기적 마트 이용"", ""주말 방문 감소"", ""강의식 및 과자 구매"", ""노브랜드 제품"", ""가족 구성원"", ""자녀 가능성"""
15.0,25.0,22.0,9063,"제공받은 자료에 기반한 이 그룹의 특징은 다음과 같습니다.

1. **요일별 방문 특성**: 이 그룹은 평일과 주말 간 방문 횟수에 차이를 보입니다. 평일 중 목요일에 방문 횟수가 가장 높으며(평균 3.0028회), 일요일에 방문 횟수가 가장 낮습니다(평균 1.4325회). 이는 평일 중 후반부로 갈수록 방문이 증가하다가 주말로 접어들면서 감소하는 경향을 나타냅니다.

2. **시간대별 방문 특성**: 시간대별 방문 횟수는 낮보다는 저녁 시간대에 증가하는 경향을 보입니다. 20시에 방문 횟수가 최고점(평균 3.1799회)에 이르렀으며, 이후 저녁 9시(평균 2.6253회)까지 높은 방문 횟수를 유지하다가 그 후 급격히 감소합니다. 이는 이 그룹이 저녁 시간대에 주로 마트를 방문하는 경향이 있음을 시사합니다.

3. **구매 물품의 구매성향 및 구매 수량과 구매 물품의 특성**: 이 그룹은 노브랜드 제품, 스낵, 빵류 등의 가공식품과 생활 필수품에 높은 관심을 가지고 있으며, 특히 '종량제 봉투'의 구매 비율(평균 0.1561)이 눈에 띕니다. '우유'와 '샐러드/드레싱류'는 상대적으로 높은 구매 비율(각각 평균 0.136, 0.1197)을 보이며, 이는 건강과 관련된 제품에 대한 관심이 있음을 시사합니다.

4. **가구 구성원 추정**: 이 그룹의 연령 분포를 고려하면, 평균 연령은 46.1238세이며, 최빈값은 53세입니다. 이러한 연령대는 주로 중장년 가구를 대표하며, 건강과 가족을 위한 식품 및 생활 필수품 구입에 중점을 둘 수 있습니다. 따라서, 이 그룹은 아이들이 있는 가족 구성원 또는 중년 이상의 부부로 추정됩니다.

5. **추정 근거**: 연령 분포는 제품의 구매패턴, 방문 시간대 및 요일, 그리고 구매된 상품 유형에서 유추할 수 있습니다. 특히 건강식품과 가공식품의 고르는 구매 패턴은 중장년 가구의 특성을 반영합니다.

6. **종합 의견**: 이 그룹은 주로 저녁 시간대에 마트를 방문하며, 평일 중후반과 주말 초반에 방문 빈도가 높습니다. 가공식품, 생활 필수품, 그리고 일부 건강식품의 구매가 두드러지며, 이는 중장년 가구의 소비 패턴과 일치합니다. 가구 구성원은 주로 40대 후반에서 50대 초반의 부부나 가족단위일 가능성이 높습니다.

7. **핵심 키워드**: ""저녁시간대 방문"", ""주중 및 주말 초반 선호"", ""가공식품 및 생활 필수품 구매"", ""중장년 가구"", ""건강식품에 대한 관심"", ""노브랜드 продукция"", ""스낵 및 빵류"", ""우유 및 샐러드 구매"", ""종량제 봉투"", ""연령대 40대 후반~50대 초반"""
15.0,25.0,13.0,6388,"제공받은 자료에 기반한 이 그룹의 특징은 다음과 같습니다:

1. **요일별 방문 특성**:
   - 목요일에 방문 횟수가 가장 많으며, 평균적으로 3회 방문합니다. 그 다음으로는 화요일과 수요일에 방문 비율이 높습니다.
   - 일요일은 방문 횟수가 가장 적으며, 평균적으로 1회 방문합니다.

2. **시간대별 방문 특성**:
   - 저녁 시간대인 20시에 방문 횟수가 가장 많으며, 평균적으로 3회 이상 방문합니다.
   - 오전 시간대인 10시부터 12시 사이에는 방문 횟수가 상대적으로 낮으며, 점프한 방문 횟수는 점심시간 이후로 증가하는 경향을 보입니다.

3. **구매 물품의 구매성향 및 구매 수량과 구매 물품의 특성**:
   - 인스턴트 식품(봉지라면, 스낵)과 음료(노브랜드음료, 탄산음료)의 구매 비율이 높습니다. 특히, 스낵의 최빈 구매 비율이 0.2308로 가장 높습니다.
   - 대부분의 상품들은 구매 비율의 중앙값이 0.0769로 일관되게 나타나며, 소비자들이 다양한 종류의 상품을 소량씩 구매하는 경향이 있습니다.

4. **가구 구성원 추정**:
   - 이 그룹의 평균 연령은 약 43세로, 30대 후반에서 50대 초반 사이의 성인이 주요 구성원으로 추정됩니다. 이러한 연령대는 일반적으로 가정을 이룬 가구의 부모 세대에 해당합니다.
   
5. **추정 근거**:
   - 구매 항목들에서 인스턴트 제품과 가볍게 즐길 수 있는 스낵 및 음료류가 주를 이루는 것으로 보아, 바쁜 일상을 가진 중장년층 성인 또는 가족의 간편한 식사나 간식을 책임지는 부모세대의 구매 패턴으로 해석할 수 있습니다.

6. **종합 의견**:
   - 이 그룹은 주로 주중에 마트를 방문하며, 특히 점심시간 이후 및 저녁 시간대에 방문하는 경향이 있습니다. 구매하는 상품은 대체로 간편식과 음료, 간식류에 집중되어 있으며, 이는 바쁜 일상 속에서 식사 준비에 어려움을 겪는 중장년층 가구에서 보이는 소비 패턴과 일치합니다. 이러한 소비 패턴은 대체로 가정을 이룬 중장년층의 부모 세대가 주된 구성원일 가능성이 높음을 시사합니다.

7. **핵심 키워드**:
   ""중장년층"", ""간편식"", ""저녁 시간대 방문"", ""인스턴트 제품"", ""가벼운 간식"", ""가정용 식품 구매"", ""식사 준비 간소화"", ""가족 간식"", ""주중 쇼핑"", ""다양한 소량 구매"""
15.0,25.0,18.0,4535,"제공받은 자료에 기반한 이 그룹의 특징은 다음과 같습니다:

1. **요일별 방문 특성**
   - 이 그룹은 주 중반으로 갈수록 방문이 증가하는 경향을 보이며, 목요일의 방문이 가장 높은 평균을 기록합니다. 
   - 반면 주말에는 방문수가 점차 감소하여 일요일에는 가장 낮은 방문 횟수를 보입니다.

2. **시간대별 방문 특성**
   - 방문 시간대는 저녁 시간대인 19시에서 21시 사이에 가장 많이 방문하는 경향을 보입니다. 
   - 이는 직장인이나 바쁜 일정을 보내는 가구 구성원이 퇴근 후 쇼핑을 하기 위해 마트를 방문하는 패턴을 반영할 수 있습니다.

3. **구매 물품의 구매성향 및 구매 수량과 구매 물품의 특성**
   - 이 그룹은 편의성이 높은 제품(스낵, 봉지라면, 탄산음료, 컵라면)을 주로 구매합니다.
   - 또한, 주류(수입맥주, 국산맥주, 소주)의 구매 비율이 높은 편입니다.
   - 이들 제품의 구매 비율은 다소 낮은 편이지만, 마트 방문횟수 대비 일정 비율로 꾸준히 구매하고 있음을 시사합니다.

4. **가구 구성원 추정**
   - 가구 구성원은 중장년층(평균 연령 45세, 최빈 연령 52세)으로 추정됩니다.
   - 이 그룹이 선호하는 제품은 단기간에 소비할 수 있는 간편식품, 주류 및 음료가 중심이어서 바쁜 일상을 보내는 중장년 가구 또는 소가구의 소비 패턴을 반영할 가능성이 높습니다.

5. **추정 근거**
   - 구매 패턴 분석을 통해 가구 구성원의 연령대 및 생활 스타일에 대한 추정은 합리적이며, 제공된 데이터와 기존 시장 조사 자료와의 대조를 통해 얻어집니다.
   - 주로 구매하는 제품의 종류와 구매 비율, 그리고 방문 시간대와 요일별 방문 특성을 통해 생활 방식과 선호도를 추론한 결과입니다.

6. **종합 의견**
   - 이 그룹은 직장인 혹은 바쁜 일정을 보내는 중장년 가구구성원으로 추정되며, 간편식과 주류 소비가 특징적입니다.
   - 저녁 시간대의 방문이 집중되며, 주 중반에 방문하는 경향이 있으므로, 이 시간대와 요일에 대한 프로모션 또는 타겟 마케팅이 효과적일 수 있습니다.

7. **핵심 키워드**
   ""중장년층"", ""간편식"", ""주류 소비"", ""저녁 시간대 방문"", ""주 중반 방문"", ""소가구"", ""마케팅 타겟"", ""생활 스타일"", ""소비 패턴"", ""프로모션 기회"""
15.0,25.0,8.0,4259,"제공받은 자료에 기반한 이 그룹의 특징은 다음과 같습니다:

1. 요일별 방문 특성:
- 이 그룹은 화요일과 목요일에 마트를 더 자주 방문하는 경향이 있으며, 방문 횟수의 중앙값은 3입니다. 일요일은 가장 적은 방문을 보입니다.

2. 시간대별 방문 특성:
- 저녁 시간(18시~21시)에 마트 방문 횟수가 가장 많으며, 20시에는 방문 횟수의 중앙값이 3으로 최고점을 찍습니다. 이는 대부분의 구매자가 일과 후에 마트를 방문한다는 것을 시사합니다.

3. 구매 물품의 구매성향 및 구매 수량과 구매 물품의 특성:
- 구매 비율이 높은 상품들은 수입맥주, 스낵, 우유, 봉지라면(국물), 비스킷, 소주, 종량제봉투 등으로, 주로 간편식이나 일용품이 많습니다. 이는 빠르고 편리한 식사를 선호하며 일상 생활에 필요한 기본적인 상품들에 중점을 두는 소비 패턴을 보입니다.

4. 가구 구성원 추정:
- 이 그룹의 연령대 평균은 42.5세, 중앙값은 41세로 볼 때, 주로 중년 가구가 이 그룹에 포함됩니다. 가족 구성원으로는 배우자와 초등학생 또는 중학생 자녀를 둔 가정을 추정할 수 있습니다.

5. 추정 근거:
- 연령대 분석을 위해 주어진 데이터 내의 연령 관련 통계치를 사용했습니다. 구매 물품의 특성에서 간편식과 일용품의 높은 구매 비율은 바쁜 일상을 가진 가구원들의 생활 패턴을 반영합니다.

6. 종합 의견:
- 이 그룹의 구매자들은 주로 일과 후 저녁 시간에 마트를 방문하며, 간편식 및 일상 필수품에 높은 구매 비율을 보입니다. 이를 통해 중년의 가구원으로 구성된 바쁜 일상을 가진 가정을 대표하는 소비자 그룹으로 해석됩니다.

7. 핵심 키워드: ""중년 가구"", ""간편식 선호"", ""일상 필수품 구매"", ""저녁 시간대 방문"", ""화요일 및 목요일 선호"", ""수입맥주와 스낵"", ""종량제봉투 사용"", ""가족 구성원 추정"", ""바쁜 일상"", ""소비자 그룹 특징"""
25.0,25.0,13.0,7708,"제공받은 자료에 기반한 이 그룹의 특징은 다음과 같습니다.

1. **요일별 방문 특성**:
   - 방문 밀도는 주말, 특히 토요일에 가장 높으며, 평일 중에는 금요일이 비교적 높습니다. 이는 주말 쇼핑 혹은 주간 말의 준비 쇼핑 경향을 시사합니다.

2. **시간대별 방문 특성**:
   - 시간대별 방문은 저녁 시간대(19시~21시)에 가장 활발하게 이루어집니다. 이 시간대의 방문 중앙값 및 평균이 높고, 작업일의 마감 후 쇼핑을 선호하는 패턴을 보여줍니다.

3. **구매 물품의 구매성향 및 구매 수량과 구매 물품의 특성**:
   - 판매 된 상위 제품에는 `노브랜드 음료`, `봉지라면(국물)`, `노브랜드 냉동가공`, `노브랜드 과자`, `스낵`, `탄산음료` 등이 포함되어 있어, 간편 식품과 간식류의 구매 비율이 높습니다. 이는 바쁜 일상 속에서 간편하게 섭취할 수 있는 식품을 선호하는 경향을 반영합니다.

4. **가구 구성원 추정**:
   - 구성원의 연령 대비 평균이 41.431세로 나타나며, 표준편차는 10.992입니다. 연령의 중앙값과 최빈값을 감안할 때, 이 그룹은 주로 중년층 가구 혹은 직장인으로 구성되어 있을 가능성이 높습니다.

5. **추정 근거**:
   - 추정 근거는 주로 제품 구매 성향 및 수량, 방문 요일 및 시간대, 그리고 연령 분포에서 도출됩니다. 간편 식품과 간식류의 선호도는 바쁜 일상을 보내는 직장인 혹은 소규모 가구의 소비 패턴과 일치합니다. 또한, 주말 및 저녁 시간대의 방문 증가는 직장인들의 쇼핑 습관을 반영할 수 있습니다.

6. **종합 의견**:
   - 이 그룹은 주로 30대 후반에서 50대 초반 사이의 중년층 직장인 혹은 소규모 가구로 추정됩니다. 간편 식품과 간식류 선호도는 이들의 바쁜 일상과 직접 연결되며, 주말 및 저녁에 주로 쇼핑하는 경향이 있습니다. 이러한 소비 패턴은 마트에 대한 이해와 전략 수립에 중요한 정보가 될 것입니다.

7. **핵심 키워드**:
   - ""간편식품 선호"", ""중년 직장인"", ""주말 및 저녁 쇼핑"", ""소규모 가구"", ""간식류 선호"", ""소비 패턴"", ""요일별 방문"", ""시간대별 방문"", ""상품 구매 성향"", ""연령 분포"""
25.0,25.0,22.0,7221,"제공받은 자료에 기반한 이 그룹의 특징은 다음과 같습니다:

1. 요일별 방문 특성: 
   - 이 그룹은 주말에 방문 빈도가 대체적으로 높으며, 특히 토요일에 가장 많이 방문하는 것으로 나타났습니다. 평일 방문은 비교적 일정하게 분포되어 있으며, 특히 금요일에 다소 증가하는 경향이 보입니다.

2. 시간대별 방문 특성:
   - 저녁 시간대인 19시에서 21시 사이에 방문 빈도가 가장 높으며, 특히 20시에 방문 빈도가 최고점을 찍습니다. 오전부터 오후에 걸쳐 상대적으로 낮은 방문 빈도를 보이다가 저녁 시간대에 증가하는 경향을 보입니다.

3. 구매 물품의 구매성향 및 구매 수량과 구매 물품의 특성:
   - 주로 스낵, 빵류, 노브랜드 제품을 많이 구매했으며, 주요 구매 제품에는 간식류와 가공식품이 포함됩니다. 이들 제품은 편리성과 간편성을 중시하는 소비 패턴을 반영합니다. 우유, 종량제봉투, 일반란 등 일상 생활에 밀접한 제품도 높은 구매 비율을 보이며, 이는 가정용 소비재에 대한 수요가 높음을 나타냅니다.

4. 가구 구성원 추정:
   - 연령 분포의 평균이 44세, 중앙값이 44세 정도로, 주 소비층이 30대 후반에서 50대 초반 사이인 것으로 추정됩니다. 이로 미뤄볼 때, 가족 구성원이 있는 중장년 가구가 주된 구매자일 가능성이 높습니다.

5. 추정 근거:
   - 요일별 및 시간대별 방문 특성, 그리고 구매 제품군으로부터 추정한 소비 행태 및 가구 구성은 일반적으로 중장년층 가구의 생활 양식과 일치합니다. 또한, 구체적인 연령 분포 데이터와 구매 빈도 및 구매 비율을 통해 이러한 가정을 뒷받침합니다.

6. 종합 의견:
   - 이 그룹은 주로 저녁 시간대에 마트를 방문하는 중장년 가구 구성원으로 추정됩니다. 구매 항목은 일상 생활에 필요한 식품과 간편 식사류, 간식 등이 주를 이룹니다. 이는 바쁜 일상 속에서도 가족을 위한 식사 준비와 간식 선택에 신경 쓰는 가정이 이루는 구매 패턴으로 해석됩니다.

7. 핵심 키워드: ""주말 마트 방문"", ""저녁 시간대 쇼핑"", ""간편식 및 간식류 구매"", ""중장년 가구 주소비층"", ""일상 생활 필수품 구매"", ""가족 구성원 고려한 쇼핑"", ""노브랜드 가공식품 선호"", ""식사 준비 및 간식 선택 중심"", ""30대 후반 ~ 50대 초반"", ""일상 속 편리성 추구""."
25.0,25.0,8.0,6312,"제공받은 자료에 기반한 이 그룹의 특징은 다음과 같습니다:

1. **요일별 방문 특성**:
   - 이 그룹은 주말인 토요일에 평균적으로 가장 많이 방문합니다. 토요일의 평균 방문 횟수는 5.4029회로, 다른 요일에 비해 현저히 높습니다. 가장 낮은 방문 빈도는 수요일로, 평균 1.6624회입니다. 

2. **시간대별 방문 특성**:
   - 시간대별 방문 패턴을 보면, 저녁 시간대인 19시부터 21시 사이에 방문 빈도가 가장 높습니다. 이 시간대에는 평균 2.5921회에서 3.1799회 방문합니다. 이는 가족 단위의 식료품 쇼핑이나 하루 일과 후의 쇼핑이 이루어질 가능성을 시사합니다.
   
3. **구매 물품의 구매성향 및 구매 수량과 구매 물품의 특성**:
   - 이 그룹은 주로 수입맥주, 스낵, 우유, 봉지라면(국물), 비스킷, 소주, 종량제 봉투 등의 상품을 구매합니다. 이 중 수입맥주의 판매량이 가장 높으며, 구매 비율의 평균은 0.1185입니다. 스낵과 우유의 구매 비율도 상대적으로 높으며, 이는 간식이나 기본 식료품이 주된 구매 목록에 포함된다는 것을 나타냅니다.
   
4. **가구 구성원 추정**:
   - 이 그룹의 평균 연령은 41.7864세, 중앙값은 41세로, 주로 30대 후반에서 50대 초반의 성인이 포함된 가구로 추정됩니다. 종량제 봉투, 우유, 봉지라면 제품군의 구매는 가족 단위 가구의 생활 용품 및 기본적인 식품 소비를 의미할 수 있습니다.
   
5. **추정 근거**:
   - 추정 근거는 구매 제품군과 패턴, 요일별 및 시간대별 방문 패턴, 연령 등의 데이터를 바탕으로 합니다. 특히, 주말과 저녁 시간대의 높은 방문 빈도와 구매 제품군은 가족 단위의 소비 패턴과 일치합니다.
   
6. **종합 의견**:
   - 종합적으로 볼 때, 이 그룹은 주로 30대 후반에서 50대 초반으로 구성된 가족 단위의 소비자로 추정됩니다. 주말과 저녁 시간대의 쇼핑, 기본 식료품 및 가정용품 구매 성향이 이를 뒷받침합니다. 식료품 쇼핑 외에도 가벼운 음주용품(수입맥주, 소주) 구매 경향 역시 가정에서의 식사나 소규모 모임을 가짐을 시사할 수 있습니다.
   
7. **핵심 키워드**:
   - 핵심키워드1: ""주말 쇼핑"", 핵심키워드2: ""저녁 시간대"", 핵심키워드3: ""가족 단위 소비자"", 추가 키워드4: ""식료품 구매"", 추가키워드5: ""간식 및 음료"", 추가키워드6: ""기본 생활용품"", 추가키워드7: ""수입맥주 및 소주"", 추가키워드8: ""30대 후반 ~ 50대 초반"", 추가키워드9: ""가정용 식품 소비"", 추가키워드10: ""우유 및 라면"""
25.0,25.0,23.0,4200,"제공받은 자료에 기반한 이 그룹의 특징은 다음과 같습니다:

1. **요일별 방문 특성**:
   - 토요일에 방문 횟수가 가장 많으며(평균 5.4회), 그다음으로 금요일(평균 2.2회), 일요일(평균 2.2회) 순입니다. 이를 통해 주말 쇼핑을 주로 하는 경향을 알 수 있습니다.

2. **시간대별 방문 특성**:
   - 방문은 오후 시간(15시-22시)에 집중되어 있으며, 특히 20시에 방문 횟수가 가장 많습니다(평균 3.2회). 이는 주로 일과 후 시간에 쇼핑을 하는 패턴을 나타냅니다.

3. **구매 물품의 구매성향 및 구매 수량과 구매 물품의 특성**:
   - 구매 물품 중 ""종량제봉투"", ""소주"", ""국산맥주"", ""수입맥주""의 구매 비율이 높으며, 이는 일상용품뿐만 아니라 주류에 대한 수요가 크다는 것을 나타냅니다. 특히, ""스낵""과 ""노브랜드과자""가 높은 판매량을 보이는 것으로 미루어 볼 때, 간식류에 대한 선호도 또한 상당합니다.

4. **가구 구성원 추정**:
   - 구매 패턴 및 구매 물품을 고려했을 때, 가족 단위의 구매가 짐작됩니다. 연령 평균이 약 41세이며, 가장 빈번한 연령대가 32세로 나타납니다. 이를 통해 중년 부부 및 자녀가 있는 가정일 가능성이 높습니다.

5. **추정 근거**:
   - 연령대 추정은 구매하는 물품 종류 및 마트 방문 경향에서 유추할 수 있으며, 특히 주류 및 어린이용 제품 구매 경향을 보았을 때 다양한 연령대를 포괄하는 가구 구성원을 가질 가능성이 있습니다【6†source】.

6. **종합 의견**:
   - 이 그룹은 주로 주말과 저녁 시간대에 쇼핑을 하는 경향이 있으며, 간식 및 일상용품, 특히 주류 구매 비중이 높습니다. 이를 통해 가족 단위의 소비자가 주요한 구매자로 추정됩니다. 30대와 40대 중반의 부부와 자녀를 포함한 가구일 가능성이 높으며, 다양한 연령대의 가구 구성원을 위한 제품 구매가 활발한 것으로 보입니다.

7. **핵심 키워드**:
   - ""주말 쇼핑"", ""저녁 시간대"", ""가족 단위 구매"", ""간식 및 일상용품 선호"", ""주류 구매"", ""중년 부부 및 자녀"", ""다양한 연령대 가구 구성원"", ""30대와 40대 중반"", ""주요 구매자"", ""소비자 추정"""
25.0,25.0,18.0,4157,"제공받은 자료에 기반한 이 그룹의 특징은 다음과 같습니다:

1. **요일별 방문 특성**:
    - 토요일에 방문 횟수가 가장 높으며, 평균 5.4029회 방문합니다. 이는 한 주 중 방문 횟수가 가장 많은 날짜입니다.
    - 금요일과 일요일도 비교적 방문 빈도가 높으며, 각각 평균 2.2495회, 2.2145회 방문합니다.
    - 주중(월요일부터 목요일까지)의 방문 빈도는 상대적으로 낮으며, 평균적으로 1.6624회에서 1.9459회 사이입니다.

2. **시간대별 방문 특성**:
    - 저녁 시간대(20시와 21시)에 방문이 집중되어 있으며, 이 시간에 평균 방문 횟수가 각각 3.1799회, 2.6253회 입니다.
    - 19시에도 방문 빈도가 높으며, 평균 2.5921회 방문합니다.
    - 오전과 낮 시간대(10시부터 16시까지)는 평균 방문 횟수가 1회 미만에서 1.5회 사이로 낮습니다.

3. **구매 물품의 구매성향 및 구매 수량과 구매 물품의 특성**:
    - 스낵, 봉지라면(국물), 탄산음료, 컵라면(국물), 비스킷, 수입맥주, 우유 등의 품목이 상위 판매 품목에 들어가며, 이를 통해 가벼운 간식류와 일상 생활에서 자주 소비되는 품목에 대한 구매 비율이 높음을 알 수 있습니다.
    - 해당 그룹은 가공 식품과 음료, 즉석식품에 높은 구매 비율을 보여주며, 이는 빠르고 편리한 식사나 간식을 선호하는 경향을 보여줍니다.

4. **가구 구성원 추정**:
    - 해당 그룹의 연령대는 평균 44.2274세이며, 연령대 분포는 광범위하지만 52세가 최빈값으로 나타납니다. 이는 가구 구성원으로는 중년의 성인이 주를 이루며, 젊은 가족 구성원이나 고령자를 포함할 가능성도 있음을 시사합니다.

5. **추정 근거**:
    - 평일보다 주말에 방문 빈도가 높고 저녁 시간대에 집중되는 방문 패턴은 직장인이나 학생을 포함한 가족 단위의 쇼핑 패턴을 반영할 가능성이 높습니다.
    - 간편식, 음료, 주류 등의 구매 비율이 높은 것은 바쁜 일상 속에서 식사 준비에 적은 시간을 할애하려는 성인 혹은 중년 가구의 특성을 반영합니다.

6. **종합 의견**:
    - 이 그룹은 주로 직장인과 중년 가구로 구성될 가능성이 높으며, 주말 및 저녁을 선호하는 쇼핑 습관을 보입니다. 가벼운 간식과 일상용품, 가공식품의 구매가 두드러지며, 빠르고 편리한 식사를 선호하는 경향이 있습니다. 이는 분주한 일상 속에서 식사 준비 시간을 최소화하고자 하는 현대 중년 가구의 소비 패턴을 반영합니다.

7. **핵심 키워드**:
    - ""주말 방문 선호"", ""저녁 시간대 쇼핑"", ""간편식 및 음료 구매 선호"", ""직장인 및 중년 가구"", ""식사 준비 시간 최소화"", ""간식 과 주류 구매 빈도 높음"", ""가공식품 및 생활용품"", ""가족 단위 방문 가능성"", ""편리함과 신속함 추구"", ""주말 대비 평일 낮은 방문"""